{"_id":"1284866","url":"https://mywork.com.vn/tuyen-dung/viec-lam/1284866/nhan-vien-kinh-doanh-du-lich.html","content":"Vietmap Travel là Công ty khởi nghiệp được đầu tư bởi Công ty TNHH Ứng Dụng Bản Đồ Việt.\nVietmap Travel cung cấp các sản phẩm du lịch chất lượng cao, đặc biệt là tour du lịch nước ngoài (Nhật Bản, Đài Loan, Hàn Quốc..), các tour du thuyền chất lượng 5 sao.\nNếu bạn là một người giao tiếp tự tin, yêu thích công việc thử thách, hướng tới các mục tiêu, công việc của nhân viên kinh doanh có thể là hoàn hảo cho bạn. Chúng tôi mong muốn có những đồng đội tuyệt vời để cùng hợp tác và phát triển. Tham gia vào công ty chúng tôi bạn sẽ là NHÂN VIÊN KINH DOANH TOUR DU LỊCH\nBạn sẽ: Chịu trách nhiệm kinh doanh sản phẩm tour du lịch.\nCông việc của bạn là:\n- Có phương án kinh doanh, xác định thị trường mục tiêu\n- Gặp gỡ và tư vấn các chương trình tour cho khách hàng một cách chuyên nghiệp.\n- Phối hợp với bộ phận điều hành để đảm bảo thực hiện tốt các dịch vụ theo yêu cầu của khách hàng.","label":{"$numberInt":"7"}}
{"_id":"1291396","url":"https://mywork.com.vn/tuyen-dung/viec-lam/1291396/truong-phong-kinh-doanh-tour.html","content":"- Lập và tổ chức triển khai kế hoạch kinh doanh của dự án.\n- Tổ chức thu thập, phân tích, đánh giá thông tin thị trường và đưa ra đề xuất, kiến nghị.\n- Thực hiện chính sách kinh doanh của dự án.\n- Triển khai các hoạt động hỗ trợ khách hàng.\n- Chịu trách nhiệm trong hoạt động kinh doanh của dự án trước Ban Giám Đốc.\n- Quản lý các hoạt động kinh doanh của bộ phận, đảm bảo chỉ tiêu kinh doanh của dự án theo kế hoạch cam kết với Công ty.\n- Phê duyệt phương án kinh doanh của nhóm.\n- Xây dựng, phát triển và quản lý đội ngũ nhân viên và mạng lưới CTV.\n- Đào tạo nhân viên đảm bảo cung cấp đủ nguồn nhân cho dự án trong phạm vi phụ trách.\n- Xây dựng và phát triển dịch vụ khách hàng.\n- Lên kế hoạch bán hàng định kỳ năm/quý/tháng chuỗi Công ty.\n- Tổ chức tuyển dụng và đào tạo các vị trí nhân sự trong bộ phận phụ trách.\n- Đánh giá nhân viên dưới quyền.\n- Thu thập, phê duyệt các chỉ tiêu chất lượng liên quan.\n- Báo cáo về hoạt động kinh doanh của Công ty cho Phó Giám Đốc chi nhánh.","label":{"$numberInt":"7"}}
{"_id":"1267646","url":"https://mywork.com.vn/tuyen-dung/viec-lam/1267646/sales-tour-tieng-trung-thu-nhap-15-25-trieu.html","content":"- Khách Hàng do Công ty cung cấp, không phải tìm kiếm\n- Xây dựng các chương trình tour,  tư vấn, tính giá và báo giá cho khách hàng\n- Trả lời email, viết thư tiếp cận khách hàng, gọi điện cho khách hàng.\n- Chăm sóc khách hàng và phản hồi khách hàng \n- Các việc văn phòng khác được giao.","label":{"$numberInt":"7"}}
{"_id":"1288298","url":"https://mywork.com.vn/tuyen-dung/viec-lam/1288298/sale-tour-du-lich.html","content":"- Tư vấn cho khách hàng các gói dịch vụ và sản phẩm.\n- Khai thác, tìm kiếm khách hàng từ các kênh khác nhau theo sự hướng dẫn của Leader.\n- Tìm kiếm, xây dựng quan hệ và thỏa thuận hợp tác thương mại với các đối tác B2B. \n- Nắm vững và triển khai các dịch vụ khách hàng.\n- Quản lý trả lời inbox và comment của khách.\n- Giải đáp thắc mắc, cung cấp đầy đủ thông tin về giá thành, chương trình ưu đãi... của sản phẩm dịch vụ khách hàng quan tâm. - Triển khai chương trình chăm sóc khách hàng.\n- Đàm phán, thương lượng và chốt Sale với khách hàng.\n- Tìm hiểu nhu cầu, thị hiếu của khách hàng để có hướng tư vấn phù hợp và hiệu quả nhất.\n- Phát triển và duy trì mối quan hệ thân thiết với các khách hàng hiện tại.\n- Triển khai kế hoạch tư vấn và các chương trình chiến lược thuộc dự án của Công ty.\n- Báo cáo công việc hàng tuần cho Leader.","label":{"$numberInt":"7"}}
{"_id":"1285431","url":"https://mywork.com.vn/tuyen-dung/viec-lam/1285431/chuyen-vien-kinh-doanh-amiana-holiday.html","content":"- Đón tiếp và tư vấn về mô hình nghỉ dưỡng của Tập Đoàn tại các chương trình do công ty mời khách hàng\n- Chăm sóc khách hàng tiềm năng của công ty.\n- Kết hợp với các bộ phận Truyền thông, Marketing thực hiện các kế hoạch quảng bá, giới thiệu Dịch vụ.","label":{"$numberInt":"7"}}
{"_id":"1293085","url":"https://mywork.com.vn/tuyen-dung/viec-lam/1293085/hanh-chinh-nhan-su.html","content":"- Phụ trách tuyển dụng nhân sự theo chỉ tiêu được giao\n- Theo dõi chấm công, tính lương, tính công cho nhân viên công ty\n- Phụ trách giấy tờ, thủ tục bảo hiểm công ty\n- Theo dõi ra hạn các thủ tục giấy tờ tàu\n- Chi tiết trao đổi cụ thể khi phỏng vấn","label":{"$numberInt":"7"}}
{"_id":"1291352","url":"https://mywork.com.vn/tuyen-dung/viec-lam/1291352/10-20-tr-sale-tour-inbound.html","content":"- Communicating with clients, meeting their demands and requirements via emails, chat or phone \n- Elaborating tour programs according to clients’ requests and following the Sales Department procedures \n- Building programs and pricing required by customers \n- Co-operating with the operation and accounting departments to follow up and ensure the completion of the tour programs created \n- Monthly report or feedback to Sales manager, product manager or higher admin level \n- Updating client database as a regular basic \n- Make the plan of sales and marketing \n- Carry out other tasks assigned by the manager. ","label":{"$numberInt":"7"}}
{"_id":"1291533","url":"https://mywork.com.vn/tuyen-dung/viec-lam/1291533/sale-tour-inbound.html","content":"Tiếp nhận và xử lí hồ sơ khách hàng.\nThiết kế chương trình tours, dịch vụ và tính giá theo yêu cầu của khách.\nLàm việc độc lập và theo nhóm\nChăm sóc khách hàng trước và sau khi kết thúc tour","label":{"$numberInt":"7"}}
{"_id":"1291313","url":"https://mywork.com.vn/tuyen-dung/viec-lam/1291313/nhan-vien-sale-tour.html","content":"- Tìm kiếm và khai thác thị trường qua các kênh Sales, Marketing.\n- Tư vấn khách hàng, giao dịch, ký kết và thực hiện hợp đồng.\n- Giới thiệu, quảng bá và bán sản phẩm, dịch vụ của công ty tới các cá nhân, tổ chức, doanh nghiệp khác nhằm nâng cao thương hiệu và dịch vụ của công ty.\n- Chi tiết công việc trao đổi trong buổi phỏng vấn.\n- Thực hiện các công việc khác theo yêu cầu của cấp trên","label":{"$numberInt":"7"}}
{"_id":"1291450","url":"https://mywork.com.vn/tuyen-dung/viec-lam/1291450/nhan-vien-pha-che.html","content":"-Chuẩn bị nguyên vật liệu, dụng cụ pha chế\n-Pha chế thức uống theo yêu cầu của khách hàng\n-Tư vấn, xử lý phàn nàn của khách\n-Bảo quản nguyên liệu, dụng cụ\n-Các công việc khác","label":{"$numberInt":"7"}}
{"_id":"1293042","url":"https://mywork.com.vn/tuyen-dung/viec-lam/1293042/sale-tour-thu-nhap-tren-10-tr.html","content":"Chủ động tìm kiếm nguồn khách hàng mới và chăm sóc khách hàng cũ\nTư vấn khách hàng, giới thiệu, quảng bá và bán sản phẩm,  dịch vụ của công ty tới các cá nhân,  tổ chức, doanh nghiệp khác nhằm nâng cao thương hiệu và dịch vụ của công ty.\nThương lượng đàm phán giá bán với khách hàng, soạn thảo hợp đồng (theo mẫu) cho khách hàng\nCập nhật dữ liệu về nhà cung cấp, khách hàng, sản phẩm vào phần mềm chuyên dụng\nTheo dõi, chăm sóc, giải quyết các vướng mắc, sự cố liên quan đến các hợp đồng do mình phụ trách\nTheo dõi, tổng hợp công nợ của khách hàng và đại lý do mình phụ trách và đôn đốc thu hồi công nợ.\nLập các báo cáo thường kỳ và đột xuất theo yêu cầu của Trưởng bộ phận, Giám đốc Công ty\nHỗ trợ các nhân viên khác có liên quan khác giải quyết các công việc chung\nThực hiện các công việc khác theo yêu cầu của cấp trên","label":{"$numberInt":"7"}}
{"_id":"1292116","url":"https://mywork.com.vn/tuyen-dung/viec-lam/1292116/truong-nhom-dieu-hanh-xe-du-lich.html","content":"•Phân bổ, sắp xếp các booking đặt xe vào xe nhà và xe thuê ngoài (có phần mềm hỗ trợ), đảm bảo tối đa doanh thu và kế hoạch làm việc phù hợp cho đội xe.\n•Đảm bảo sử dụng các nhà cung cấp có giá cả cạnh tranh. Quản lý chặt chẽ chi phí hoạt động của đội xe\n•Đảm bảo chất lượng phương tiện, tài xế cho các dịch vụ\n•Xây dựng và duy trì mối quan hệ với các nhà cung cấp\n•Địa chỉ làm việc: Tầng 6, Tòa nhà Thành Lợi, Số 247 Nguyễn Văn Linh, Phường Thạc Gián, Quận Thanh Khê, TP. Đà Nẵng","label":{"$numberInt":"7"}}
{"_id":"1293209","url":"https://mywork.com.vn/tuyen-dung/viec-lam/1293209/ha-noi-nhan-vien-sale-tour-hp-travel-di-lam-ngay.html","content":"- Tiếp thị, khai thác khách hàng là các công ty, xí nghiệp, tổ chức, đoàn thể...\n- Tư vấn, giải đáp các thắc mắc và yêu cầu của khách hàng\n- Thiết kế tour du lịch, sự kiện phù hợp với yêu cầu của khách hàng.\n- Báo giá tour\n- Chốt dịch vụ\n- Thực hiện việc ký hợp đồng với khách hàng.\n- Kết hợp bộ phận khác tổ chức tour theo hợp đồng. ","label":{"$numberInt":"7"}}
{"_id":"1276171","url":"https://mywork.com.vn/tuyen-dung/viec-lam/1276171/phien-dich-tieng-trung.html","content":"- Phiên dịch tài liệu\n- Phiên dịch cho sếp\n- Làm hợp đồng\n- Làm theo yêu cầu của cấp trên giao cho.","label":{"$numberInt":"7"}}
{"_id":"1288784","url":"https://mywork.com.vn/tuyen-dung/viec-lam/1288784/nhan-vien-quan-ly-sales-online.html","content":"- Lên ý tưởng và viết Content Facebook, PR cho các khách sạn, Homestay…\n- Quản lý bán phòng online cho các khách sạn trên các trang mạng\n- Viết nội dung đánh giá bài viết cho khách sạn, homestay…\n- Một số công việc khác: Trao đổi thêm khi phỏng vấn","label":{"$numberInt":"7"}}
{"_id":"1292493","url":"https://mywork.com.vn/tuyen-dung/viec-lam/1292493/nhan-vien-le-tan.html","content":"- Theo dõi, quản lý, điều xe tại công ty.\n- Thực hiện các công việc khác theo sự phân công của cấp trên\n- Đón tiếp khách\n- Trả lời các cuộc gọi điện thoại và chuyển các cuộc gọi qua bộ phận khác. - Giải quyết các thắc mắc, vấn đề của khách trong và ngoài khách sạn.\n- Làm thủ tục check-in, check-out cho khách...\n- Nhận đặt phòng, xác nhân và kiểm tra số lượng phòng đặt của từng loại, kiểm tra hóa đơn chứng từ của khách đang ở tại khách sạn","label":{"$numberInt":"7"}}
{"_id":"1293332","url":"https://mywork.com.vn/tuyen-dung/viec-lam/1293332/chuyen-vien-nghien-cuu-ha-noi.html","content":"-Tham gia thực hiện và điều phối các dự án về phát triển du lịch trong nước và quốc tế với các đối tác là các tổ chức phi chính phủ, các bộ - ban ngành nhà nước, các địa phương, các doanh nghiệp...\n-Nghiên cứu thị trường du lịch; xây dựng chiến lược phát triển du lịch; quy hoạch du lịch; xử môi trường trong phát triển du lịch\n-Quản lý các dịch vụ, giải pháp phát triển du lịch trực tuyến (website)...\n-Tham gia phát triển các sản phẩm nghiên cứu như đánh giá thị trường, phân tích nhu cầu khách hàng, phát triển hệ thống thông tin, phát triển các sản phẩm du lịch, điểm đến du lịch ...","label":{"$numberInt":"7"}}
{"_id":"1246390","url":"https://mywork.com.vn/tuyen-dung/viec-lam/1246390/nhan-vien-truc-dien-thoai.html","content":"- Mô tả công việc:\n- Thực hiện cuộc gọi ra tới khách hàng đã để lại thông tin quan tâm đến khóa học của Topica.\n- Tư vấn, sắp xếp các khóa học phù hợp với khách hàng.\n- Chốt khóa học\n- Công việc làm tại văn phòng công ty không phải đi thị trường.\n- Được công ty cung cấp máy tính, điện thoại và data khách hàng.\n- Địa điểm làm việc: Khu công nghiệp Lai Xá - Kim Chung - Hoài Đức - Hà Nội (Cách trường ĐH công nghiệp Hà Nội 500m).","label":{"$numberInt":"7"}}
{"_id":"1293359","url":"https://mywork.com.vn/tuyen-dung/viec-lam/1293359/da-nang-nhan-vien-truc-tong-dai-198.html","content":"- Chăm sóc khách hàng\n- Hổ trợ , giải đáp các thắc mắc khách hàng qua tổng đài 198 Viettel.","label":{"$numberInt":"7"}}
{"_id":"1100626","url":"https://mywork.com.vn/tuyen-dung/viec-lam/1100626/nhan-vien-cham-soc-khach-hang-viettel-tai-ha-noi-cong-viec-on-dinh-lau-dai.html","content":"* Mô tả công việc:\n- Tiếp nhận, giải đáp và hướng dẫn KH qua điện thoại về dịch vụ internet, điện thoại cố định, truyền hình.\n- Tư vấn về các dịch vụ giải pháp công nghệ thông tin.\n- Thực hiện các nhiệm vụ khác theo yêu cầu.\n* Thời gian làm việc:\n- Ca1 : 07h00 => 14h30\n- Ca2 : 14h30 => 22h00\n- Ca3 : 22h00 => 07h00\n- Ca hành chính: 08h00 => 17h30\n- Địa điểm làm việc: KCN Lai xá - Kim Chung - Hoài Đức - HN.","label":{"$numberInt":"7"}}
{"_id":"1270065","url":"https://mywork.com.vn/tuyen-dung/viec-lam/1270065/chuyen-vien-tu-van-qua-dien-thoai.html","content":"- Tiếp nhận cuộc gọi đến Chăm sóc, hướng dẫn và giải quyết các thắc mắc của khách hàng qua điện thoại.\n- Thực hiện cuộc gọi ra chăm sóc khách hàng theo yêu cầu của đối tác\n*Địa điểm làm việc: KCN Lai Xá - Kim Chung - Hoài Đức - Hà Nội\n*Thời gian làm việc: Theo ca luân phiên (8h/ca, 6 ca/tuần)\n- Ca 1: 07h00' -:- 16h00'\n- Ca 2 (Ca gãy): 07h00' -:- 11h00' và 18h00' -:- 22h00'\n- Ca 3: 22h00' -:- 07h00'\n- Ca 4: 08h30' -:- 17h30'","label":{"$numberInt":"7"}}
{"_id":"1187502","url":"https://mywork.com.vn/tuyen-dung/viec-lam/1187502/kinh-doanh-bat-dong-san-thu-nhap-30-tr-thang.html","content":"+ Học tập và áp dụng những kiến thức, kinh nghiệm chuyên môn được Công ty đào tạo.\n+ Tìm kiếm khách hàng, khai thác các thông tin về khách hàng, tư vấn bán các sản phẩm Bất động sản THỔ CƯ có sẵn trong kho hàng của Công ty. Tập trung chính là nhà đất thổ cư trong nội thành Hà Nội.\n+ Tư vấn các quy trình pháp lý giao dịch và chăm sóc khách hàng hiệu quả, chốt giao dịch.\n+ Chi tiết xem tại website Công ty www.diaocvang.vn\nhoặc gọi Hotline cho Phòng nhân sự: 0899165566","label":{"$numberInt":"7"}}
{"_id":"1206168","url":"https://mywork.com.vn/tuyen-dung/viec-lam/1206168/tuyen-dung-chuyen-vien-kinh-doanh-thu-nhap-dot-pha.html","content":"+ Học tập và áp dụng những kiến thức, kinh nghiệm chuyên môn được Công ty đào tạo.\n+ Tìm kiếm khách hàng, khai thác các thông tin về khách hàng, tư vấn bán các sản phẩm Bất động sản THỔ CƯ có sẵn trong kho hàng của Công ty. Tập trung chính là nhà đất thổ cư trong nội thành Hà Nội.\n+ Tư vấn các quy trình pháp lý giao dịch và chăm sóc khách hàng hiệu quả, chốt giao dịch.","label":{"$numberInt":"7"}}
{"_id":"1291771","url":"https://mywork.com.vn/tuyen-dung/viec-lam/1291771/nhan-vien-content.html","content":"Chịu trách nhiệm quản lý truyền thông, bao gồm:\n- Viết bài PR và quản lý nội dung, hình ảnh trên các kênh social của Công ty\n- Xây dựng, phát triển group cộng đồng\n- Thực hiện các campaign truyền thông cho chương trình Marketing của Công ty\n- Triển khai thực hiện kế hoạch truyền thông trên các kênh trước, trong và sau chương trình\n- Theo dõi và cập nhật thường xuyên hiệu quả truyền thông và điều chỉnh các kênh phù hợp, đảm bảo đạt hiệu quả truyền thông cho chương trình\n- Lên kế hoạch, triển khai tổ chức sự kiện, hoạt động offline của công ty\n- Các công việc khác của bộ phận khi có yêu cầu","label":{"$numberInt":"7"}}
{"_id":"1291312","url":"https://mywork.com.vn/tuyen-dung/viec-lam/1291312/nhan-vien-digital-marketing.html","content":"- Hoạch định kế hoạch, phân tích và thực hiện hoạt động Digital Marketing, Social Media\n- Lập kế hoạch SEO, SEM, Google Adwords tối ưu hóa thứ hạng của website trên các trang tìm kiếm. Thường xuyên thống kê và phân tích từ khóa định kỳ.\n- Đề xuất và thực hiện các chương trình khuyến mại, truyền thông, quảng bá và xây dựng thương hiệu cho công ty và các sản phẩm của công ty.\n- Chịu trách nhiệm quản lý nội dung website của Công ty..\n- Biết Photoshop, Video Editor là lợi thế\n- Thực hiện các nhiệm vụ khác theo sự phân công của Lãnh đạo.\n- Công việc sẽ trao đổi cụ thể hơn khi phỏng vấn.","label":{"$numberInt":"7"}}
{"_id":"1242395","url":"https://mywork.com.vn/tuyen-dung/viec-lam/1242395/hn-01-bamboo-airways-cham-soc-khach-hang-tong-dai-hang-khong.html","content":"- Đại diện cho Công ty Hàng không tương tác với khách hàng qua điện thoại.\n- Làm việc tại văn phòng, tiếp nhận các cuộc gọi tới của khách hàng, sau đó hỗ trợ khách hàng đặt vé, đổi trả vé, thông báo giờ bay, giờ hoãn bay tới khách hàng.\n- Cung cấp thông tin cho khách hàng một cách nhanh chóng và chính xác nhất.\n- Các yêu cầu khác theo sự chị đạo của cấp trên.\n*** Thời gian làm việc xoay ca (ca 1 : 6h00 - 14h00, ca 2: 14h00 – 22h00), nghỉ 1 ngày/tuần","label":{"$numberInt":"7"}}
{"_id":"1246597","url":"https://mywork.com.vn/tuyen-dung/viec-lam/1246597/lai-xe-taxi-khu-vuc-long-bien.html","content":"- Thời gian làm việc nhận xe 24h, được đăng ký làm 24 ca /tháng hoặc 16 ca/ tháng. Có thể xin làm thêm ca nếu muốn.\n- Lái xe tại Sân Bay Nội Bài Hà Nội, thực hiện vận chuyển khách hàng từ sân bay đi theo yêu cầu của khách hàng.\n- Lái xe đưa đón khách theo tổng đài đang hoạt động với lượng khách gọi khoảng 14.000 cuốc/ngày, đón khách qua tab theo từng chỉ định từng xe.\n- Lái xe đưa đón khách tại các điểm điều hành bằng hình thức xếp theo lốt thứ tự.\n- Lái xe đưa đón khách tại các sảnh khách sạn lớn. Hiện tại taxi Group đang hoạt động tại 100% các sảnh khách sạn 4 & 5 sao tại Hà Nội, sảnh bến xe Gáp Bát, Nước Ngầm, Mỹ Đình….\n- Đón khách theo điểm môi giới của taxi Group. Hiện tại có khoảng 4000 điểm môi giới lớn nhỏ tại Hà Nội. \n- Lái xe đưa đón khách theo hợp đồng đưa đón có sẵn hàng ngày\n- Tự do kinh doanh theo khả năng của mình.","label":{"$numberInt":"7"}}
{"_id":"1170364","url":"https://mywork.com.vn/tuyen-dung/viec-lam/1170364/nhan-vien-copy-writer.html","content":"TamBooks Việt Nam TUYỂN DỤNG CONTENT MARKETING\n👍 Bằng “SỨC MẠNH TỪ NGÒI BÚT ✒️, SỨC HÚT TỪ LỜI VĂN 💌 !!!”, chúng tôi hiểu rằng thành công của một chiến dịch Marketing có sự đóng góp không hề nhỏ của mỗi chiến binh “cầm bút”.\n+ Nghiên cứu khách hàng tiềm năng, phân tích đối thủ, phân tích các kênh social đang triển khai\n+ Đưa ra định hướng nội dung, thông điệp, kế hoạch viết bài cho các kênh.\n+ Quản trị các kênh social: Fanpages, Youtube, Group...với quy trình rõ ràng\n+ Xây dựng nội dung cho các chiến dịch truyền thông, nội dung khuyến mãi, minigame, các video viral...\n+ Xây dựng kế hoạch xây thượng thương hiệu, hình ảnh cho giảng viên,\n+ Đo lường và báo cáo công việc với hệ thống báo cáo rõ ràng: các chỉ số fanpages, group....","label":{"$numberInt":"7"}}
{"_id":"1142061","url":"https://mywork.com.vn/tuyen-dung/viec-lam/1142061/nhan-vien-xac-nhan-khoa-hoc-luong-8-trieu.html","content":"Udemyvietnam.vn là nền tảng học online hàng đầu Việt Nam với hàng nghìn khóa học như: Yoga, làm đẹp, ứng dụng văn phòng, marketing, Tiếng anh… với những giảng viên hàng đầu tham gia hợp tác giảng dạy. Với kinh nghiệm nhiều năm liền làm việc trong lĩnh vực giáo dục và với mong muốn mang những kiến thức và những điều tốt đẹp nhất với các học viên trên toàn quốc\n- Hiện tại chúng tôi đang trên đà phát triển và mở rộng quy mô nhân sự nên chúng tôi cần tuyển 5 Nhân viên Tư ván tuyển sinh\nMô tả công việc\n+ Nhận nguồn data học viên từ phòng Marketing chuyển về hàng ngày\n+ Liên hệ xác nhận và tư vấn về khóa học, hướng dẫn phương thức học với học viên đăng ký\n+ Chốt lại thông tin, chuyển đơn về bộ phận BO và cập nhật trạng thái trên phần mềm CRM\n+ Duy trì mối quan hệ với học viên hiện tại và phát triển học viên tiềm năng\n+ Hỗ trợ tương tác giữa các bộ phận\n+Góp ý, lên ý tưởng xây dựng khóa học mới\n+Làm báo cáo hàng ngày","label":{"$numberInt":"7"}}
{"_id":"1288552","url":"https://mywork.com.vn/tuyen-dung/viec-lam/1288552/nhan-vien-ban-ve-may-bay.html","content":"1. Tư vấn đường bay, hành trình tốt, đặt chỗ, xuất hoàn hủy vé … theo yêu cầu của khách hàng\n2. Tư vấn, hỗ trợ đại lý/khách hàng các vấn đề liên quan đến vé máy bay, sân bay, hành trình…\n3. Thường xuyên kiểm tra, nhắc nhở hành khách các thay đổi về giờ bay, thời hạn xuất vé, ngày khởi hành.\n4. Luôn cập nhật những chương trình khuyến mãi, thông tin tới khách hàng\n5. Trực hotline, trực phòng vé vào ngày lễ, Tết theo phân công\n6. Quản lý danh mục khách hàng được phân công\n7. Phối hợp với các bộ phận khác trong công ty như như phòng kế toán, phòng kinh doanh để theo dõi công nợ, phát triển quan hệ với khách hàng.","label":{"$numberInt":"7"}}
{"_id":"1291440","url":"https://mywork.com.vn/tuyen-dung/viec-lam/1291440/le-tan-lam-viec-tai-vung-tau.html","content":"- Trực điện thọai Hotline, điện thoại nội bộ, chuyển cho các bộ phận liên quan ( yêu cầu cung cấp chính xác thông tin đối tác, khách hàng)\n- Đón khách và thông báo tới các bộ phận liên quan, Tiếp trà nước khi khách đến. Đảm bảo khu vực đón tiếp khách luôn sạch sẽ, gọn gàng.\n- Thực hiện quy trình check in, check out cho khách theo đúng tiêu chuẩn khách sạn.\n- Tư vấn các dịch vụ cho khách lưu trú.\n- Quản lý các kênh đặt phòng Online.\n- Phục vụ cho khách lưu trú các vấn đề như: Hỗ trợ đặt xe, vé máy bay, tư vấn về các điểm du lịch, các dịch vụ hiện có tại nơi lưu trú...\n- Kiểm tra tình trạng buồng phòng sẵn sàng cho việc đón khách.\n- Thực hiện các công việc khác theo sự phân công của cấp trên\n- Làm việc tại : Số 1 Đào Duy Từ, Phường Thắng Tam, Thành phố Vũng Tàu","label":{"$numberInt":"7"}}
{"_id":"1291446","url":"https://mywork.com.vn/tuyen-dung/viec-lam/1291446/nhan-vien-buong-phong-tap-vu.html","content":"-Thực hiện công việc dọn dẹp, set up buồng phòng chuẩn bị cho khách ở và dọn phòng khách lưu trú\n-Thực hiện việc vệ sinh các trang thiết bị, dụng cụ phục vụ công việc dọn phòng – bảo quản đúng cách, đúng nơi quy định của khách sạn.\n- Phối hợp với nhân viên lễ tân, nhân viên hành lý hỗ trợ khách chuyển phòng theo yêu cầu.\n- Kiểm tra phòng khách check out\n- Vệ sinh khu vực lưu trú và sảnh khu vực khách sạn\n- Thực hiện các công việc khác theo yêu cầu của quản lý bộ phận buồng.\n- Làm việc tại : Số 1 Đào Duy Từ, phường Thắng Tam, Thành phố Vũng Tàu","label":{"$numberInt":"7"}}
{"_id":"1284511","url":"https://mywork.com.vn/tuyen-dung/viec-lam/1284511/ha-noi-nhan-vien-sale-tour-hp-travel-di-lam-ngay.html","content":"- Tiếp thị, khai thác khách hàng là các công ty, xí nghiệp, tổ chức, đoàn thể...\n- Tư vấn, giải đáp các thắc mắc và yêu cầu của khách hàng\n- Thiết kế tour du lịch, sự kiện phù hợp với yêu cầu của khách hàng.\n- Báo giá tour\n- Chốt dịch vụ\n- Thực hiện việc ký hợp đồng với khách hàng.\n- Kết hợp bộ phận khác tổ chức tour theo hợp đồng. ","label":{"$numberInt":"7"}}
{"_id":"1284507","url":"https://mywork.com.vn/tuyen-dung/viec-lam/1284507/huong-dan-vien.html","content":"- Triển khai chương trình tour theo đúng lịch trình được giao\n- Hướng dẫn tham quan, trải nghiệm các dịch vụ du lịch\n- Phối hợp với điều hành xử lý các tình huống phát sinh trong quá trình tour\n- Quản lý chương trình và đảm bảo an toàn cho đoàn khách du lịch\n- Các công việc khác \nĐịa chỉ làm việc: 188 Trường Chinh, Phường Phương Mai, Q. Đống Đa, TP Hà Nội.","label":{"$numberInt":"7"}}
{"_id":"1284547","url":"https://mywork.com.vn/tuyen-dung/viec-lam/1284547/dieu-hanh-tours-hp-travel.html","content":"- Hỗ trợ sale tư vấn tour cho các đoàn khách. Kiểm tra, xử lý các báo giá trước khi sale làm việc với khách\n- Nhận tour từ sale và sắp xếp các hoạt động liên quan đến triển khai tour, đặt dịch vụ, làm việc với các nhà cung cấp theo đúng lịch trình và quy định của công ty\n- Điều động, giám sát việc thực hiện trong suốt quá trình triển khai tour\n- Thực hiện công tác kiểm soát, thu thập chứng từ phối hợp với kế toán để thanh toán cho các nhà cung cấp dịch vụ, hướng dẫn viên hiệu quả\n-Thực hiện các nhiệm vụ liên quan đến quản lý khách hàng, nhà cung cấp, cập nhật xu hướng khách hàng, du lịch báo cáo Ban Điều hành.\n- Thời gian làm việc: Thừ Thứ 2 đến thứ 7\n+ Buổi sáng: 8h30 - 12h00\n+ Buổi chiều: 13h30 -17h30\nĐịa chỉ làm việc: 188 Trường Chinh, Phường Phương Mai, Q. Đống Đa, TP Hà Nội.","label":{"$numberInt":"7"}}
{"_id":"1284499","url":"https://mywork.com.vn/tuyen-dung/viec-lam/1284499/ha-noi-dieu-hanh-tours-hp-travel-luong-8-12-tr.html","content":"-           Hỗ trợ sale tư vấn tour cho các đoàn khách. Kiểm tra, xử lý các báo giá trước khi sale làm việc với khách\n-           Nhận tour từ sale và sắp xếp các hoạt động liên quan đến triển khai tour, đặt dịch vụ, làm việc với các nhà cung cấp theo đúng lịch trình và quy định của công ty\n-           Điều động, giám sát việc thực hiện trong suốt quá trình triển khai tour\n-           Thực hiện công tác kiểm soát, thu thập chứng từ phối hợp với kế toán để thanh toán cho các nhà cung cấp dịch vụ,  hướng dẫn viên hiệu quả\n-           Thực hiện các nhiệm vụ liên quan đến quản lý khách hàng, nhà cung cấp, cập nhật xu hướng khách hàng, du lịch báo cáo Ban Điều hành.","label":{"$numberInt":"7"}}
{"_id":"901564","url":"https://mywork.com.vn/tuyen-dung/viec-lam/901564/nhan-vien-sale.html","content":"• Lập kế hoạch bán hàng theo hàng tuần, hàng tháng và chủ động tiếp cận khách hàng bằng cách sử dụng tất cả các kênh bán hàng có sẵn (để đạt được mục tiêu doanh thu).\n• Không chỉ gặp gỡ đối tác trực tiếp mà còn có thế bán hàng qua điện thoại hoặc skype\n• Nâng cao hiệu quả bán hàng, hợp tác với phòng marketing để thúc đẩy doanh thu và nâng cao nhận dạng thương hiệu\n• Thường xuyên cập nhật cho khách hàng thông tin về sản phẩm\n• Quản lý và thực hiện các yêu cầu đặt phòng, đề xuất báo giá cho các đối tác trong và ngoài nước.\n• Hỗ trợ DOS & DOSM trong việc thực hiện báo cáo định kỳ, báo cáo Adhoc, ngân sách và kế hoạch kinh doanh","label":{"$numberInt":"7"}}
{"_id":"1293596","url":"https://mywork.com.vn/tuyen-dung/viec-lam/1293596/nhan-vien-bep-cung.html","content":"- Nấu được một số món âu theo thực đơn có sẵn\n- Đảm bảo khu vực chế biến sạch sẽ, vệ sinh\n_ Hỗ trợ Bếp trưởng trong việc quản lý thực phẩm bếp\n- Phôi hợp với các bộ phận khác để làm hài lòng khách hàng","label":{"$numberInt":"7"}}
{"_id":"1293331","url":"https://mywork.com.vn/tuyen-dung/viec-lam/1293331/chuyen-vien-nghien-cuu.html","content":"-Tham gia thực hiện và điều phối các dự án về phát triển du lịch trong nước và quốc tế với các đối tác là các tổ chức phi chính phủ, các bộ - ban ngành nhà nước, các địa phương, các doanh nghiệp...\n-Nghiên cứu thị trường du lịch; xây dựng chiến lược phát triển du lịch; quy hoạch du lịch; xử môi trường trong phát triển du lịch\n-Quản lý các dịch vụ, giải pháp phát triển du lịch trực tuyến (website)...\n-Tham gia phát triển các sản phẩm nghiên cứu như đánh giá thị trường, phân tích nhu cầu khách hàng, phát triển hệ thống thông tin, phát triển các sản phẩm du lịch, điểm đến du lịch ...","label":{"$numberInt":"7"}}
{"_id":"1293330","url":"https://mywork.com.vn/tuyen-dung/viec-lam/1293330/thuc-tap-sinh-nghien-cuu.html","content":"-Tham gia thực hiện và điều phối các dự án về phát triển du lịch trong nước và quốc tế với các đối tác là các tổ chức phi chính phủ, các bộ - ban ngành nhà nước, các địa phương, các doanh nghiệp...\n-Nghiên cứu thị trường du lịch; xây dựng chiến lược phát triển du lịch; quy hoạch du lịch; xử môi trường trong phát triển du lịch\n-Quản lý các dịch vụ, giải pháp phát triển du lịch trực tuyến (website)...\n-Tham gia phát triển các sản phẩm nghiên cứu như đánh giá thị trường, phân tích nhu cầu khách hàng, phát triển hệ thống thông tin, phát triển các sản phẩm du lịch, điểm đến du lịch ...","label":{"$numberInt":"7"}}
{"_id":"1070806","url":"https://mywork.com.vn/tuyen-dung/viec-lam/1070806/khao-sat-sua-abbott-gio-hanh-chinh-nhan-vien-cham-soc-khach-hang.html","content":"- Thời gian làm việc: giờ hành chính, nghỉ chủ nhật.\n- Địa điểm làm việc: Nguyễn Xiển, Thanh Xuân, HN.\n- Gọi điện cho khách hàng theo data có sẵn\n- Chăm sóc khách hàng sau bán hàng, không phải bán hàng, không áp doanh số\n- Đào tạo nhanh, đi làm luôn","label":{"$numberInt":"7"}}
{"_id":"1120680","url":"https://mywork.com.vn/tuyen-dung/viec-lam/1120680/viettel-nhan-vien-cham-soc-khach-hang-vien-thong-ca-xoay-va-co-dinh.html","content":"• Tiếp nhận và giải đáp thông tin liên quan đến dịch vụ viễn thông do ViETTEL cung cấp.\n- Làm việc luân phiên sáng, chiều hoặc cố định Hành chính - KHÔNG CÓ CA ĐÊM\n**Nơi làm việc: Tổng đài Outsoucring Minh Phúc (Lô S5-7 cụm Làng Nghề Triều Khúc, Thanh Xuân, Hà Nội) gần ngã tư Khuất Duy Tiến, Hà Nội.","label":{"$numberInt":"7"}}
{"_id":"1292546","url":"https://mywork.com.vn/tuyen-dung/viec-lam/1292546/truong-bo-phan-buong-phong.html","content":"- Quản lý, điều phối các hoạt động của BP Buồng phòng\n- Xây dựng tiêu chuẩn cho nhân sự thuộc bộ phận Buồng\n- Giải quyết các yêu cầu, thắc mắc của khách hàng thuộc thẩm quyền\n- Tuyển dụng, đào tạo, quản lý nhân sự cho bộ phận\n- Các CV khác","label":{"$numberInt":"7"}}
{"_id":"1280785","url":"https://mywork.com.vn/tuyen-dung/viec-lam/1280785/hn-nhan-vien-telelsales-khoa-hoc-topica-native.html","content":"- Thực hiện cuộc gọi ra tư vấn, sắp xếp khoá học tiếng Anh online phù hợp theo nhu cầu của khách hàng.\n- Công ty cung cấp máy tính, điện thoại và data khách hàng\nĐịa chỉ: Lô S5-7 Cụm làng nghề Tân Triều, ngõ 300 Nguyễn Xiển, Thanh Xuân, Hà Nội.","label":{"$numberInt":"7"}}
{"_id":"999428","url":"https://mywork.com.vn/tuyen-dung/viec-lam/999428/tong-dai-vien-thong-quan-doi-viettel-198-nhan-vien-truc-tong-dai-dien-thoai-khong-ap-doanh-so.html","content":"• Tiếp nhận và giải đáp thắc mắc của khách hàng liên quan đến mạng di động Viettel\n• Tư vấn và giải đáp cho khách hàng các thông tin về dịch vụ trong phạm vi được yêu cầu.\n• Hỗ trợ, giải đáp thắc mắc, xử lý các sự cố, tư vấn, chăm sóc khách hàng qua điện thoại","label":{"$numberInt":"7"}}
{"_id":"1293114","url":"https://mywork.com.vn/tuyen-dung/viec-lam/1293114/thuyen-truong-lam-viec-tai-tau-aphrodite-ha-long.html","content":"- Quản lý, điều động, chấm công nhân sự trên Tàu Aphrodite Hạ Long\n- Đảm bảo lịch trình khách thăm quan, tuyển, điểm; vận hành và đảm bảo an toàn cho Tàu và các trang thiết bị khác trên Tàu.\n- Một số công việc khác sẽ trao đổi cụ thể khi phỏng vấn","label":{"$numberInt":"7"}}
{"_id":"1293113","url":"https://mywork.com.vn/tuyen-dung/viec-lam/1293113/sales-ota-team-leader.html","content":"• Responsibility in sale department: OTA\n• Manage the sales and operation team to follow the annual approved plan to reach the target.\n• Establish and maintain excellent Customer relations\n• Maintain and actively develop business contacts and new markets.\n• Develop cruise rates, high – level standards and overall profitability\n• Plan and conduct regular and professional promotion activities.\n• Provides customer support on difficult problems.\n• Teaches techniques for transitioning from problem solving to sales opportunities.\n• Analyzes the characteristics of threats and selects the proper plan of action for handling them.\n• Check and evaluation the service on board by field trip\n• Submit weekly, monthly, quarterly and yearly reports to DOS in time\n• Other works appointed from DOS and GM\n• Report directly to the DOS","label":{"$numberInt":"7"}}
{"_id":"1290137","url":"https://mywork.com.vn/tuyen-dung/viec-lam/1290137/nhan-vien-reaervation-nhan-vien-nhan-booking.html","content":"-Tiếp nhận thông tin\n+ Tên khách, tên đoàn khách, tên người đăng ký, số lượng khách trong đoàn.\n+ Ngày giờ khách đến.\n+ Số điện thoại, email, địa chỉ của khách.\n+ Số lượng dịch vụ, loại dịch vụ, giá dịch vụ.\n+ Hình thức đặt và hình thức thanh toán.\n+ Các yêu cầu khác từ khách nếu có.\n-Xác định khả năng đáp ứng của nhà hàng về yêu cầu của khách.\n-Nếu nhà hàng đáp ứng được yêu cầu dịch vụ của khách thì tiến hành xác nhận đặt bàn. Nếu không đáp ứng được, có thể đưa ra những gợi ý khác cho khách lựa chọn.\n-Nhập thông tin của khách\n-Xác nhận lại thông tin khách hàng và thông tin đặt bàn với khách.\n-Lưu thông tin đặt bàn vào phần mềm của NH rồi chuyển đến các bộ phận khác để tiến hành chuẩn bị đón tiếp và phục vụ khách.\n-Nếu khách có yêu cầu hủy DV, nhân viên Reservation tiếp nhận thông tin, sửa đổi hoặc hủy bỏ theo yêu cầu của khách.\n-Tổng hợp danh sách và yêu cầu của khách hàng chuyển đến bộ phận liên quan.","label":{"$numberInt":"7"}}
{"_id":"1284795","url":"https://mywork.com.vn/tuyen-dung/viec-lam/1284795/dieu-hanh-tour-quoc-te-op.html","content":"Vietmap Travel là Công ty khởi nghiệp được đầu tư bởi Công ty TNHH Ứng Dụng Bản Đồ Việt.\nVietmap Travel cung cấp các sản phẩm du lịch chất lượng cao, đặc biệt là tour du lịch nước ngoài, tour du thuyền chất lượng 5 sao.\nVietmap Travel luôn tìm kiếm những ĐIỀU HÀNH TOUR QUỐC TẾ (OP) chuyên nghiệp và năng động.\nCông việc của bạn là:\n- Làm việc với đối tác là các nhà cung cấp dịch vụ du lịch liên quan.\n- Sắp xếp, điều hành dịch vụ và quá trình thực hiện tour.\n- Ghi nhận và giải quyết kịp thời các vấn đề phát sinh trên tour.\n- Tư vấn các sản phẩm, dịch vụ tour cho khách hàng.","label":{"$numberInt":"7"}}
{"_id":"1286876","url":"https://mywork.com.vn/tuyen-dung/viec-lam/1286876/nhan-vien-phat-trien-kinh-doanh.html","content":"Mô tả công việc:\n- Tìm kiếm khách hàng.\n- Tư vấn, giới thiệu cho khách hàng về dịch vụ công ty cung cấp.\n- Đặt lịch hẹn với khách hàng để tiến hành khảo sát.\n- Tư vấn chốt deal.\n- Follow tiến trình dự án.\n- Chăm sóc khách hàng.\n- Báo cáo công việc mỗi ngày.","label":{"$numberInt":"7"}}
{"_id":"1291183","url":"https://mywork.com.vn/tuyen-dung/viec-lam/1291183/giam-sat-nha-hang-tai-binh-thuan.html","content":"Quản lý tài chính nhà hàng\nQuản lý nhân sự\nQuản lý tài sản, hàng hóa\nCải thiện dịch vụ bằng cách trao đổi và hỗ trợ cho nhân viên am hiểu về nhu cầu của khách hàng, chỉ dẫn, phản hồi và huấn luyện nhân viên khi cần thiết.\nThay mặt Quản lý giải quyết và báo cáo các vấn đề phát sinh tại chi nhánh, các complain của khách hàng;","label":{"$numberInt":"7"}}
{"_id":"1222335","url":"https://mywork.com.vn/tuyen-dung/viec-lam/1222335/sales-tour-tieng-phap-thu-nhap-15-25-trieu.html","content":"- Bán tour cho thị trường tiếng Pháp, xử lý booking khách hàng\n- Thu thập và xây dựng dữ liệu khách hàng\n- Xây dựng các chương trình tour, tư vấn, tính giá và báo giá cho khách hàng\n- Trả lời email, viết thư tiếp cận khách hàng, gọi điện cho khách hàng.\n- Chăm sóc khách hàng và phản hồi khách hàng \n- Xử lý các yêu cầu hàng ngày từ đại lý\n- Các việc văn phòng và các việc khác được giao.","label":{"$numberInt":"7"}}
{"_id":"1272824","url":"https://mywork.com.vn/tuyen-dung/viec-lam/1272824/sales-tour-tieng-tay-ban-nha.html","content":"- Bán tour cho thị trường tiếng Tây Ban Nha, xử lý booking khách hàng\n- Thu thập và xây dựng dữ liệu khách hàng\n- Xây dựng các chương trình tour, tư vấn, tính giá và báo giá cho khách hàng\n- Trả lời email, viết thư tiếp cận khách hàng, gọi điện cho khách hàng.\n- Chăm sóc khách hàng và phản hồi khách hàng\n- Xử lý các yêu cầu hàng ngày từ đại lý\n- Các việc văn phòng và các việc khác được giao.","label":{"$numberInt":"7"}}
{"_id":"1129491","url":"https://mywork.com.vn/tuyen-dung/viec-lam/1129491/dieu-hanh-xe-he-thong-online-biet-tieng-anh-khong-yeu-cau-kinh-nghiem.html","content":"- Phụ trách các hệ thống vận chuyển online, offer giá, đàm phán với đối tác\n- Khách hàng do công ty cung cấp\n- Đưa ra các ý tưởng để thu hút khách hàng.\n- Củng cố và phát triển mối quan hệ khách hàng doanh nghiệp, cơ quan quản lý nhà nước, các bộ, ngành, các tổ chức nhằm khai thác tối đa nhu cầu của khách hàng\n- Duy trì quan hệ khách hàng, các đại lý, các công ty du lịch trong cả nước.","label":{"$numberInt":"7"}}
{"_id":"1292436","url":"https://mywork.com.vn/tuyen-dung/viec-lam/1292436/thuc-tap-sinh-marketing.html","content":"Lên ý tưởng và viết content Facebook để PR cho các khách sạn, Homestay…\nQuản lý bán phòng online cho các khách sạn trên các trang mạng OTAs.","label":{"$numberInt":"7"}}
{"_id":"1281246","url":"https://mywork.com.vn/tuyen-dung/viec-lam/1281246/379-nhan-vien-tu-van-hanh-chanh-khong-yeu-cau-kinh-nghiem-chi-can-tren-18-tuoi-luong-6-5-trieu.html","content":"- Khảo sát thị trường, tìm kiếm và phát triển khách hàng tiềm năng, bán hàng và chăm sóc khách hàng .\n- Triển khai kế hoạch bán hàng và các chương trình bán hàng thuộc dự án của Công ty.\n- Lên kế hoạch thực hiện các chỉ tiêu kinh doanh được giao.\n- Tư vấn khách hàng mua - bán các dự án đất nền, hướng dẫn khách hàng tham quan dự án.\n- Đàm phán, thương lượng và chốt hợp đồng với khách hàng.\n- Theo sát quy trình thanh toán tiền của khách hàng.\n- Trau dồi kĩ năng tư vấn, quảng bá hình ảnh công ty, sản phẩm đến khách hàng một cách chuyên nghiệp.\n- Báo cáo tình hình kinh doanh (giao dịch, khách hàng, sản phẩm) cho trưởng phòng kinh doanh.","label":{"$numberInt":"7"}}
{"_id":"1201915","url":"https://mywork.com.vn/tuyen-dung/viec-lam/1201915/truong-pho-phong-truyen-thong.html","content":"- Tìm kiếm khách hàng tiềm năng cho công\nTuyển dụng đào tạo và hỗ trợ đội nhóm\n- Hướng dẫn và hỗ trợ nhân viên cấp dưới làm việc\nĐưa ý tưởng phát triển đội nhóm, góp ý phát triển sản của công ty\n- Quản lí và thực hiện các công việc liên quan\n- Trao đổi cụ thể khi phỏng vấn","label":{"$numberInt":"7"}}
{"_id":"1278954","url":"https://mywork.com.vn/tuyen-dung/viec-lam/1278954/sales-tour-tieng-anh-thu-nhap-15-25-trieu.html","content":"- Khách Hàng công ty cung cấp, không phải tìm kiếm\n- Xây dựng các chương trình tour, tư vấn, tính giá và báo giá cho khách hàng\n- Trả lời email, viết thư tiếp cận khách hàng, gọi điện cho khách hàng.\n- Chăm sóc khách hàng và phản hồi khách hàng \n- Các việc văn phòng và các việc khác được giao.","label":{"$numberInt":"7"}}
