{"_id":"1292168","url":"https://mywork.com.vn/tuyen-dung/viec-lam/1292168/can-bo-phap-ly-xac-minh-thong-tin.html","content":"- Cán bộ pháp lý địa bàn:\n- Mô tả công việc: Xác minh thông tin địa chỉ / thu nhập khách nợ theo hồ sơ vụ việc phía ngân hàng cung cấp. Xác minh đối chiếu khoản nợ theo luật định. Giúp bộ phận pháp chế lập hồ sơ khởi kiện khách nợ theo yêu cầu. Đại diện cho ngân hàng / công ty tài chính nộp hồ sơ pháp lý khởi kiện khách nợ đến các cơ quan nhà nước có thẩm quyền theo ủy quyền.\n- Chế độ: Lương, phụ cấp 5,050,000đ/tháng; Thưởng: Theo kết quả công việc từ 5,000,000đ - 15,000,000đ/tháng; BHXH, BHYT, BHTN theo quy định.\n- Được hỗ trợ chỗ ở, tiền học việc.\n- Nếu ở khác tỉnh được hỗ trợ chỗ ở\n- Có thưởng quý / năm, 06 tháng nâng lương 1 lần.\nĐịa bàn làm việc:\n- Đà Nẵng: 02 NV (Phụ cấp khu vực : 1.000.000đ/tháng)\n- Hải Phòng: 02 NV (Phụ cấp khu vực: 1.000.000đ/tháng)\n- Hà Nội : 02 NV (Phụ cấp khu vực: 1.500.000đ/tháng)\n- Hải Dương : 02 NV (Phụ cấp khu vực : 1.000.000đ/tháng)\n- Quảng Ninh : 02 NV (Phụ cấp khu vực : 1.000.000đ/tháng)\n- Hưng Yên : 02 NV (Phụ cấp khu vực : 1.000.000đ/tháng)\n- Bắc Giang : 02 NV\n- Vĩnh Phúc : 02 NV\n- Nha Trang: 02 NV\n- Diên Khánh: 01 NV\n- Cam Lâm, Cam Ranh: 01 NV\n- Ninh Hòa, Vạn Ninh: 01 NV\n- Ninh Thuận: 02 NV\n- Bình Thuận: 02 NV\n- Lâm Đồng: 02 NV\n- Kon Tum: 02 NV\n- Đắc Lắc: 02 NV\n- Gia Lai: 02 NV\n- Đắc Nông: 02 NV\n- Quảng Bình:02 NV\n- Quảng Trị:02 NV\n- Thừa Thiên Huế :02 NV\n- Quảng Nam: 02 NV\n- Quảng Ngãi: 02 NV\n- Bình Định: 02 NV\n- Phú Yên: 02 NV","label":{"$numberInt":"10"}}
{"_id":"1291465","url":"https://mywork.com.vn/tuyen-dung/viec-lam/1291465/nhan-vien-tu-van-luat-luat-su.html","content":"-Công ty kinh doanh về bất động sản\n- Phụ trách soạn thảo các hồ sơ  tư vấn,  đầu tư trong nước và nước ngoài\n- Tham gia các vụ việc, hồ sơ văn phòng thụ lý\n- Đảm bảo hoàn thành tốt các nhiệm vụ, công việc được phân công đảm trách\n- Tư vấn pháp luật (chi tiết sẽ trao đổi khi phỏng vấn)\n- Thực hiện các công việc liên quan đến chuyên ngành theo yêu cầu của quản lý và ban giám đốc\n-Chủ yếu tư vấn pháp lý hỗ trợ BLĐ các luật pháp quy định hiện hành","label":{"$numberInt":"10"}}
{"_id":"1291827","url":"https://mywork.com.vn/tuyen-dung/viec-lam/1291827/tro-ly-phat-trien-du-an-bds-cong-nghiep.html","content":"- Lập Dự án đầu tư\n- Lập báo cáo nghiên cứu khả thi dự án\n- Soạn thảo các loại công văn giấy tờ liên quan.\n- Trực tiếp làm việc với các đối tác, các sở ngành, thành phố.\n- Làm các công việc do Ban lãnh đạo giao.","label":{"$numberInt":"10"}}
{"_id":"1290915","url":"https://mywork.com.vn/tuyen-dung/viec-lam/1290915/nhan-vien-kiem-toan-co-kinh-nghiem.html","content":"-Tiến hành các cuộc kiểm toán, soát xét báo cáo tài chính và dịch vụ tư vấn khác dưới sự giám sát của\nSenior - Audit & Assurance Services;\n-Quản lý và dẫn dắt các nhân viên kiểm toán cấp dưới;\n- Phát triển bản thân và nhân viên kiểm toán cấp dưới theo Lộ trình phát triển nghề nghiệp của RSM Việt\nNam;\n-Xây dựng hệ giá trị bản thân phù hợp với văn hóa của RSM Việt Nam;\n- Xây dựng và phát triển tốt các quan hệ khách hàng và nhận diện các cơ hội cung cấp dịch vụ cho\nkhách hàng;","label":{"$numberInt":"10"}}
{"_id":"1274252","url":"https://mywork.com.vn/tuyen-dung/viec-lam/1274252/nhan-vien-bo-phan-sang-che.html","content":"- Dịch bản mô tả sáng chế từ tiếng anh sang tiếng Việt và ngược lại\n- Viết thư giao dịch với khách hàng nước ngoài,\n- Làm và nộp đơn đăng ký, gia hạn, sửa đổi, chuyển nhượng… các đơn sáng chế với Cục sở hữu trí tuệ","label":{"$numberInt":"10"}}
{"_id":"1293163","url":"https://mywork.com.vn/tuyen-dung/viec-lam/1293163/nhan-vien-kinh-doanh.html","content":"-Được làm ông chủ thực sự công việc của chính mình.\n-Chăm sóc nguồn khách hàng sẵn có của Công ty\n-Rèn luyện kĩ năng giao tiếp, kỹ năng tư vấn hàng ngày, hàng giờ và khát khao làm giàu chính đáng khi bắt -đầu khởi nghiệp\n-Hỗ trợ khách hàng các thủ tục mua bán căn hộ.\n-Được hỗ trợ trực tiếp từ Giám đốc, Trưởng phòng trong từng thương vụ giao dịch Bất động sản.","label":{"$numberInt":"10"}}
{"_id":"1251461","url":"https://mywork.com.vn/tuyen-dung/viec-lam/1251461/tro-ly-tong-giam-doc-cong-ty-thanh-vien.html","content":"1.Sắp xếp lịch làm việc, lịch họp, lịch công tác, ghi chép và tổng hợp nội dung các cuộc họp cho TGĐ.\n2.Chuẩn bị tài liệu, thu thập thông tin cần thiết theo yêu cầu của TGĐ.\n3.Tiếp nhận, phân loại, sắp xếp, xử lý thông tin, văn bản, tài liệu tổng hợp có khoa học kịp thời phục vụ công việc khi có yêu cầu.\n4.Soạn thảo,soát xét các loại hợp đồng dự án liên doanh, liên kết, hợp tác, các chứng từ, công văn, báo cáo, kế hoạch cho TGĐ\n5.Lưu giữ thông tin tài liệu liên quan.\n6.Thực hiện các công việc được TGĐ giao phó.","label":{"$numberInt":"10"}}
{"_id":"1293635","url":"https://mywork.com.vn/tuyen-dung/viec-lam/1293635/nhan-vien-hanh-chinh-nhan-su.html","content":"-Thực hiện các công việc liên quan đến hành chính, nhân sự, chăm sóc khách hàng, thủ quỹ.\n-Soạn thảo các văn bản hành chính như hợp đồng, bảng thỏa thuận hợp tác, thông báo và các công văn, tờ trình. Kiểm soát tính pháp lý đối với các văn bản, hợp đồng do Công ty ban hành, ký kết\n-Kiểm tra, chỉnh sửa, bổ sung hoàn chỉnh hồ sơ pháp lý, các văn bản ban hành, tài liệu giao dịch nhằm đảm bảo thực hiện theo đúng quy định của luật doanh nghiệp, luật lao động, cùng các quy định khác của Nhà nước\n-Thực hiện lương, thưởng, phúc lợi, bảo hiểm xã hội\n-Tham gia các công việc chung về tổ chức tuyển dụng, ký kết HĐLĐ, nâng lương, khen thưởng, phúc lợi, kỷ luật, bảo hộ lao động,..... nhằm đảm bảo quyền lợi cho người lao động. Đảm bảo các thủ tục về bảo hiểm, phúc lợi, chế độ, chính sách … trong Công ty\n-Chăm sóc, tương tác với khách hàng, đối tác của công ty.\n-Thực hiện các công việc của thủ quỹ.\n-Các công việc khác theo sự chỉ đạo của quản lý trực tiếp và Giám đốc.","label":{"$numberInt":"10"}}
{"_id":"1292503","url":"https://mywork.com.vn/tuyen-dung/viec-lam/1292503/luat-su-tu-van.html","content":"Công việc: Tư vấn pháp lý, đại diện trong và ngoài tố tụng trong các lĩnh vực dân sự, hình sự, hành chính, hôn nhân gia đình, lao động..","label":{"$numberInt":"10"}}
{"_id":"1290772","url":"https://mywork.com.vn/tuyen-dung/viec-lam/1290772/ke-toan-tong-hop-luong-tu-10-15-trieu.html","content":"- Tổng hợp, kiểm tra và hạch toán các hóa đơn, chứng từ phát sinh vào phần mềm kế toán.\n- Theo dõi chi phí trả trước, công cụ, dụng cụ, tài sản cố định để phân bổ, trích khấu hao.\n- Kiểm tra, theo dõi hợp đồng mua bán, công nợ, kiểm soát chi phí công ty.\n- Kiểm tra chứng từ xuất nhập khẩu và thanh toán quốc tế.\n- Làm viêc với ngân hàng: thanh toán nước ngoài, thư bảo lãnh, L/C, hồ sơ bảo vay\n- Làm việc trực tiếp với nhà cung cấp, khách hàng về công nợ, các thủ tục khác liên quan đến hoạt\nđộng của công ty.\n- Quản lý và theo dõi thu - chi tiền mặt, chuyển khoản ngân hàng. Cân đối xuất nhập tồn hàng hóa, doanh thu, thuế phát sinh và xuất hóa đơn.\n- Thực hiện, kiểm tra các chính sách chế độ và lao động tiền lương, tính lương.\n- Lập báo cáo thuế GTGT, TNDN, TNCN hàng quý.\n- Tổng hợp kết quả hoạt động kinh doanh, lập báo cáo tài chính năm.\n- Lập sổ sách kế toán hàng năm\n- Chịu trách nhiệm về hệ thống sổ sách kế toán, quản lý hóa đơn chứng từ, báo cáo thuế, báo cáo quản trị.\n- Thay mặt Giám Đốc trực tiếp làm việc với cơ quan thuế, các cơ quan Nhà nước có liên quan.\n- Một số công việc theo yêu cầu thực tế phát sinh.","label":{"$numberInt":"10"}}
{"_id":"1292135","url":"https://mywork.com.vn/tuyen-dung/viec-lam/1292135/nhan-vien-van-thu-luu-tru.html","content":"Quản lý lưu trữ hồ sơ, lập danh mục hồ sơ.\nQuản lý và bảo quản con dấu Hệ thống\nThực hiện công tác văn thư lưu trữ\nCác công việc khác thuộc sự phân công của BGD công ty.\nXử lý công văn đến, công văn đi","label":{"$numberInt":"10"}}
{"_id":"1292140","url":"https://mywork.com.vn/tuyen-dung/viec-lam/1292140/tuyen-dung-can-bo-phap-ly-quan-ly-cong-no-cong-ty-tai-chinh-ngan-hang.html","content":"- Cán bộ pháp lý địa bàn:\n- Mô tả công việc: Xác minh thông tin địa chỉ / thu nhập khách nợ theo hồ sơ vụ việc phía ngân hàng cung cấp. Xác minh đối chiếu khoản nợ theo luật định. Giúp bộ phận pháp chế lập hồ sơ khởi kiện khách nợ theo yêu cầu. Đại diện cho ngân hàng / công ty tài chính nộp hồ sơ pháp lý khởi kiện khách nợ đến các cơ quan nhà nước có thẩm quyền theo ủy quyền.\n- Chế độ: Lương, phụ cấp 5,050,000đ/tháng; Thưởng: Theo kết quả công việc từ 5,000,000đ - 15,000,000đ/tháng; BHXH, BHYT, BHTN theo quy định.\n- Được hỗ trợ chỗ ở, tiền học việc.\n- Nếu ở khác tỉnh được hỗ trợ chỗ ở\n- Có thưởng quý / năm, 06 tháng nâng lương 1 lần.\nĐịa bàn làm việc:\n- Nha Trang: 02 NV\n- Diên Khánh: 01 NV\n- Cam Lâm, Cam Ranh: 01 NV\n- Ninh Hòa, Vạn Ninh: 01 NV\n- Ninh Thuận: 02 NV\n- Bình Thuận: 02 NV\n- Lâm Đồng: 02 NV\n- Kon Tum: 02 NV\n- Đắc Lắc: 02 NV\n- Gia Lai: 02 NV\n- Đắc Nông: 02 NV\n- Quảng Bình:02 NV\n- Quảng Trị:02 NV\n- Thừa Thiên Huế :02 NV\n- Quảng Nam: 02 NV\n- Quảng Ngãi: 02 NV\n- Bình Định: 02 NV\n- Phú Yên: 02 NV\n- Đà Nẵng: 02 NV (Phụ cấp khu vực : 1.000.000đ/tháng)\n- Hải Phòng: 02 NV (Phụ cấp khu vực: 1.000.000đ/tháng)\n- Hà Nội : 02 NV (Phụ cấp khu vực: 1.500.000đ/tháng)\n- Quảng Ninh : 02 NV (Phụ cấp khu vực : 1.000.000đ/tháng)\n- Bắc Giang : 02 NV\n- Hải Dương : 02 NV (Phụ cấp khu vực : 1.000.000đ/tháng)\n- Hưng Yên : 02 NV (Phụ cấp khu vực : 1.000.000đ/tháng)\n- Vĩnh Phúc : 02 NV","label":{"$numberInt":"10"}}
{"_id":"1280740","url":"https://mywork.com.vn/tuyen-dung/viec-lam/1280740/tuyen-dung-can-bo-phap-ly-quan-ly-cong-no-cong-ty-tai-chinh-ngan-hang.html","content":"TUYỂN DỤNG CÁN BỘ PHÁP LÝ QUẢN LÝ CÔNG NỢ CÔNG TY TÀI CHÍNH / NGÂN HÀNG\nDear Anh / Chị\nCông ty cổ phần thu hồi nợ HP gửi đến quý anh / chị lời chào trân trọng và hợp tác. Công ty chúng tôi đang là đơn vị quản lý, xử lý nợ pháp lý, xử lý nợ tố tụng (khởi kiện khách nợ theo các quy định của pháp luật) cho các công ty tài chính / ngân hàng thuộc hệ thống ngân hàng nhà nước. Hiện công ty CP thu hồi nợ HP có nhu cầu tuyển dụng nhân sự cụ thể như sau:\n1. Vị trí tuyển dụng:\n- Cán bộ pháp lý địa bàn:\n- Mô tả công việc: Xác minh thông tin địa chỉ / thu nhập khách nợ theo hồ sơ vụ việc phía ngân hàng cung cấp. Xác minh đối chiếu khoản nợ theo luật định. Giúp bộ phận pháp chế lập hồ sơ khởi kiện khách nợ theo yêu cầu. Đại diện cho ngân hàng / công ty tài chính nộp hồ sơ pháp lý khởi kiện khách nợ đến các cơ quan nhà nước có thẩm quyền theo ủy quyền.\n- Chế độ: Lương, phụ cấp 5,050,000đ/tháng; Thưởng: Theo kết quả công việc từ 5,000,000đ - 15,000,000đ/tháng; BHXH, BHYT, BHTN theo quy định.\n- Được hỗ trợ chỗ ở, tiền học việc.\n- Nếu ở khác tỉnh được hỗ trợ chỗ ở\n- Có thưởng quý / năm, 06 tháng nâng lương 1 lần.\n2. Yêu cầu:\n- Tốt nghiệp trung cấp trở lên\n- Trung thực, nhanh nhẹn\n3. Địa bàn làm việc:\n- Nha Trang: 02 NV\n- Diên Khánh: 01 NV\n- Cam Lâm, Cam Ranh: 01 NV\n- Ninh Hòa, Vạn Ninh: 01 NV\n- Ninh Thuận: 02 NV\n- Bình Thuận: 02 NV\n- Lâm Đồng: 02 NV\n- Kon Tum: 02 NV\n- Đắc Lắc: 02 NV\n- Gia Lai: 02 NV\n- Đắc Nông: 02 NV\n- Quảng Bình:02 NV\n- Quảng Trị:02 NV\n- Thừa Thiên Huế :02 NV\n- Quảng Nam: 02 NV\n- Quảng Ngãi: 02 NV\n- Bình Định: 02 NV\n- Phú Yên: 02 NV\n- Đà Nẵng: 02 NV (Phụ cấp khu vực : 1.000.000đ/tháng)\n- Hải Phòng: 02 NV (Phụ cấp khu vực: 1.000.000đ/tháng)\n- Hà Nội : 02 NV (Phụ cấp khu vực: 1.500.000đ/tháng)\n- Quảng Ninh : 02 NV (Phụ cấp khu vực : 1.000.000đ/tháng)\n- Bắc Giang : 02 NV\n- Hải Dương : 02 NV (Phụ cấp khu vực : 1.000.000đ/tháng)\n- Hưng Yên : 02 NV (Phụ cấp khu vực : 1.000.000đ/tháng)\n- Vĩnh Phúc : 02 NV\n4. Liên hệ:\nMs Thảo: 0966 283 486, hồ sơ gửi mail: tuyendung.hpdr@gmail.com","label":{"$numberInt":"10"}}
{"_id":"1292145","url":"https://mywork.com.vn/tuyen-dung/viec-lam/1292145/can-bo-phap-ly-quan-ly-cong-no-cong-ty-tai-chinh-ngan-hang.html","content":"- Cán bộ pháp lý địa bàn:\n- Mô tả công việc: Xác minh thông tin địa chỉ / thu nhập khách nợ theo hồ sơ vụ việc phía ngân hàng cung cấp. Xác minh đối chiếu khoản nợ theo luật định. Giúp bộ phận pháp chế lập hồ sơ khởi kiện khách nợ theo yêu cầu. Đại diện cho ngân hàng / công ty tài chính nộp hồ sơ pháp lý khởi kiện khách nợ đến các cơ quan nhà nước có thẩm quyền theo ủy quyền.\n- Chế độ: Lương, phụ cấp 5,050,000đ/tháng; Thưởng: Theo kết quả công việc từ 5,000,000đ - 15,000,000đ/tháng; BHXH, BHYT, BHTN theo quy định.\n- Được hỗ trợ chỗ ở, tiền học việc.\n- Nếu ở khác tỉnh được hỗ trợ chỗ ở\n- Có thưởng quý / năm, 06 tháng nâng lương 1 lần.\nĐịa bàn làm việc:\n- Nha Trang: 02 NV\n- Diên Khánh: 01 NV\n- Cam Lâm, Cam Ranh: 01 NV\n- Ninh Hòa, Vạn Ninh: 01 NV\n- Ninh Thuận: 02 NV\n- Bình Thuận: 02 NV\n- Lâm Đồng: 02 NV\n- Kon Tum: 02 NV\n- Đắc Lắc: 02 NV\n- Gia Lai: 02 NV\n- Đắc Nông: 02 NV\n- Quảng Bình:02 NV\n- Quảng Trị:02 NV\n- Thừa Thiên Huế :02 NV\n- Quảng Nam: 02 NV\n- Quảng Ngãi: 02 NV\n- Bình Định: 02 NV\n- Phú Yên: 02 NV\n- Đà Nẵng: 02 NV (Phụ cấp khu vực : 1.000.000đ/tháng)\n- Hải Phòng: 02 NV (Phụ cấp khu vực: 1.000.000đ/tháng)\n- Hà Nội : 02 NV (Phụ cấp khu vực: 1.500.000đ/tháng)\n- Quảng Ninh : 02 NV (Phụ cấp khu vực : 1.000.000đ/tháng)\n- Bắc Giang : 02 NV\n- Hải Dương : 02 NV (Phụ cấp khu vực : 1.000.000đ/tháng)\n- Hưng Yên : 02 NV (Phụ cấp khu vực : 1.000.000đ/tháng)\n- Vĩnh Phúc : 02 NV","label":{"$numberInt":"10"}}
{"_id":"1280739","url":"https://mywork.com.vn/tuyen-dung/viec-lam/1280739/can-bo-phap-ly-quan-ly-cong-no-cong-ty-tai-chinh-ngan-hang.html","content":"TUYỂN DỤNG CÁN BỘ PHÁP LÝ QUẢN LÝ CÔNG NỢ CÔNG TY TÀI CHÍNH / NGÂN HÀNG\nDear Anh / Chị\nCông ty cổ phần thu hồi nợ HP gửi đến quý anh / chị lời chào trân trọng và hợp tác. Công ty chúng tôi đang là đơn vị quản lý, xử lý nợ pháp lý, xử lý nợ tố tụng (khởi kiện khách nợ theo các quy định của pháp luật) cho các công ty tài chính / ngân hàng thuộc hệ thống ngân hàng nhà nước. Hiện công ty CP thu hồi nợ HP có nhu cầu tuyển dụng nhân sự cụ thể như sau:\n1. Vị trí tuyển dụng:\n- Cán bộ pháp lý địa bàn:\n- Mô tả công việc: Xác minh thông tin địa chỉ / thu nhập khách nợ theo hồ sơ vụ việc phía ngân hàng cung cấp. Xác minh đối chiếu khoản nợ theo luật định. Giúp bộ phận pháp chế lập hồ sơ khởi kiện khách nợ theo yêu cầu. Đại diện cho ngân hàng / công ty tài chính nộp hồ sơ pháp lý khởi kiện khách nợ đến các cơ quan nhà nước có thẩm quyền theo ủy quyền.\n- Chế độ: Lương, phụ cấp 5,050,000đ/tháng; Thưởng: Theo kết quả công việc từ 5,000,000đ - 15,000,000đ/tháng; BHXH, BHYT, BHTN theo quy định.\n- Được hỗ trợ chỗ ở, tiền học việc.\n- Nếu ở khác tỉnh được hỗ trợ chỗ ở\n- Có thưởng quý / năm, 06 tháng nâng lương 1 lần.\n2. Yêu cầu:\n- Tốt nghiệp trung cấp trở lên\n- Trung thực, nhanh nhẹn\n3. Địa bàn làm việc:\n- Nha Trang: 02 NV\n- Diên Khánh: 01 NV\n- Cam Lâm, Cam Ranh: 01 NV\n- Ninh Hòa, Vạn Ninh: 01 NV\n- Ninh Thuận: 02 NV\n- Bình Thuận: 02 NV\n- Lâm Đồng: 02 NV\n- Kon Tum: 02 NV\n- Đắc Lắc: 02 NV\n- Gia Lai: 02 NV\n- Đắc Nông: 02 NV\n- Quảng Bình:02 NV\n- Quảng Trị:02 NV\n- Thừa Thiên Huế :02 NV\n- Quảng Nam: 02 NV\n- Quảng Ngãi: 02 NV\n- Bình Định: 02 NV\n- Phú Yên: 02 NV\n- Đà Nẵng: 02 NV (Phụ cấp khu vực : 1.000.000đ/tháng)\n- Hải Phòng: 02 NV (Phụ cấp khu vực: 1.000.000đ/tháng)\n- Hà Nội : 02 NV (Phụ cấp khu vực: 1.500.000đ/tháng)\n- Quảng Ninh : 02 NV (Phụ cấp khu vực : 1.000.000đ/tháng)\n- Bắc Giang : 02 NV\n- Hải Dương : 02 NV (Phụ cấp khu vực : 1.000.000đ/tháng)\n- Hưng Yên : 02 NV (Phụ cấp khu vực : 1.000.000đ/tháng)\n- Vĩnh Phúc : 02 NV\n4. Liên hệ:\nMs Thảo: 0966 283 486, hồ sơ gửi mail: tuyendung.hpdr@gmail.com","label":{"$numberInt":"10"}}
{"_id":"1285087","url":"https://mywork.com.vn/tuyen-dung/viec-lam/1285087/can-bo-phap-ly-quan-ly-cong-no-cong-ty-tai-chinh-ngan-hang.html","content":"TUYỂN DỤNG CÁN BỘ PHÁP LÝ QUẢN LÝ CÔNG NỢ CÔNG TY TÀI CHÍNH / NGÂN HÀNG\nDear Anh / Chị\nCông ty cổ phần thu hồi nợ HP gửi đến quý anh / chị lời chào trân trọng và hợp tác. Công ty chúng tôi đang là đơn vị quản lý, xử lý nợ pháp lý, xử lý nợ tố tụng (khởi kiện khách nợ theo các quy định của pháp luật) cho các công ty tài chính / ngân hàng thuộc hệ thống ngân hàng nhà nước. Hiện công ty CP thu hồi nợ HP có nhu cầu tuyển dụng nhân sự cụ thể như sau:\n1. Vị trí tuyển dụng:\n- Cán bộ pháp lý địa bàn:\n- Mô tả công việc: Xác minh thông tin địa chỉ / thu nhập khách nợ theo hồ sơ vụ việc phía ngân hàng cung cấp. Xác minh đối chiếu khoản nợ theo luật định. Giúp bộ phận pháp chế lập hồ sơ khởi kiện khách nợ theo yêu cầu. Đại diện cho ngân hàng / công ty tài chính nộp hồ sơ pháp lý khởi kiện khách nợ đến các cơ quan nhà nước có thẩm quyền theo ủy quyền.\n- Chế độ: Lương, phụ cấp 5,050,000đ/tháng; Thưởng: Theo kết quả công việc từ 5,000,000đ - 15,000,000đ/tháng; BHXH, BHYT, BHTN theo quy định.\n- Được hỗ trợ chỗ ở, tiền học việc.\n- Nếu ở khác tỉnh được hỗ trợ chỗ ở\n- Có thưởng quý / năm, 06 tháng nâng lương 1 lần.\n2. Yêu cầu:\n- Tốt nghiệp trung cấp trở lên\n- Trung thực, nhanh nhẹn\n3. Địa bàn làm việc:\n- Nha Trang: 02 NV\n- Diên Khánh: 01 NV\n- Cam Lâm, Cam Ranh: 01 NV\n- Ninh Hòa, Vạn Ninh: 01 NV\n- Ninh Thuận: 02 NV\n- Bình Thuận: 02 NV\n- Lâm Đồng: 02 NV\n- Kon Tum: 02 NV\n- Đắc Lắc: 02 NV\n- Gia Lai: 02 NV\n- Đắc Nông: 02 NV\n- Quảng Bình:02 NV\n- Quảng Trị:02 NV\n- Thừa Thiên Huế :02 NV\n- Quảng Nam: 02 NV\n- Quảng Ngãi: 02 NV\n- Bình Định: 02 NV\n- Phú Yên: 02 NV\n- Đà Nẵng: 02 NV (Phụ cấp khu vực : 1.000.000đ/tháng)\n- Hải Phòng: 02 NV (Phụ cấp khu vực: 1.000.000đ/tháng)\n- Hà Nội : 02 NV (Phụ cấp khu vực: 1.500.000đ/tháng)\n- Quảng Ninh : 02 NV (Phụ cấp khu vực : 1.000.000đ/tháng)\n- Bắc Giang : 02 NV\n- Hải Dương : 02 NV (Phụ cấp khu vực : 1.000.000đ/tháng)\n- Hưng Yên : 02 NV (Phụ cấp khu vực : 1.000.000đ/tháng)\n- Vĩnh Phúc : 02 NV\n4. Liên hệ:\nMs Thảo: 0966 283 486, hồ sơ gửi mail: tuyendung.hpdr@gmail.com","label":{"$numberInt":"10"}}
{"_id":"1273753","url":"https://mywork.com.vn/tuyen-dung/viec-lam/1273753/tuyen-dung-can-bo-phap-ly-quan-ly-cong-no-cong-ty-tai-chinh-ngan-hang.html","content":"TUYỂN DỤNG CÁN BỘ PHÁP LÝ QUẢN LÝ CÔNG NỢ CÔNG TY TÀI CHÍNH / NGÂN HÀNG\nDear Anh / Chị\nCông ty cổ phần thu hồi nợ HP gửi đến quý anh / chị lời chào trân trọng và hợp tác. Công ty chúng tôi đang là đơn vị quản lý, xử lý nợ pháp lý, xử lý nợ tố tụng (khởi kiện khách nợ theo các quy định của pháp luật) cho các công ty tài chính / ngân hàng thuộc hệ thống ngân hàng nhà nước. Hiện công ty CP thu hồi nợ HP có nhu cầu tuyển dụng nhân sự cụ thể như sau:\n1. Vị trí tuyển dụng:\n- Cán bộ pháp lý địa bàn:\n- Mô tả công việc: Xác minh thông tin địa chỉ / thu nhập khách nợ theo hồ sơ vụ việc phía ngân hàng cung cấp. Xác minh đối chiếu khoản nợ theo luật định. Giúp bộ phận pháp chế lập hồ sơ khởi kiện khách nợ theo yêu cầu. Đại diện cho ngân hàng / công ty tài chính nộp hồ sơ pháp lý khởi kiện khách nợ đến các cơ quan nhà nước có thẩm quyền theo ủy quyền.\n- Chế độ: Lương, phụ cấp 5,050,000đ/tháng; Thưởng: Theo kết quả công việc từ 5,000,000đ - 15,000,000đ/tháng; BHXH, BHYT, BHTN theo quy định.\n- Được hỗ trợ chỗ ở, tiền học việc.\n- Nếu ở khác tỉnh được hỗ trợ chỗ ở\n- Có thưởng quý / năm, 06 tháng nâng lương 1 lần.\n2. Yêu cầu:\n- Tốt nghiệp trung cấp trở lên\n- Trung thực, nhanh nhẹn\n3. Địa bàn làm việc:\n- Nha Trang: 02 NV\n- Diên Khánh: 01 NV\n- Cam Lâm, Cam Ranh: 01 NV\n- Ninh Hòa, Vạn Ninh: 01 NV\n- Ninh Thuận: 02 NV\n- Bình Thuận: 02 NV\n- Lâm Đồng: 02 NV\n- Kon Tum: 02 NV\n- Đắc Lắc: 02 NV\n- Gia Lai: 02 NV\n- Đắc Nông: 02 NV\n- Quảng Bình:02 NV\n- Quảng Trị:02 NV\n- Thừa Thiên Huế :02 NV\n- Quảng Nam: 02 NV\n- Quảng Ngãi: 02 NV\n- Bình Định: 02 NV\n- Phú Yên: 02 NV\n- Đà Nẵng: 02 NV (Phụ cấp khu vực : 1.000.000đ/tháng)\n- Hải Phòng: 02 NV (Phụ cấp khu vực: 1.000.000đ/tháng)\n- Hà Nội : 02 NV (Phụ cấp khu vực: 1.500.000đ/tháng)\n- Quảng Ninh : 02 NV (Phụ cấp khu vực : 1.000.000đ/tháng)\n- Bắc Giang : 02 NV\n- Hải Dương : 02 NV (Phụ cấp khu vực : 1.000.000đ/tháng)\n- Hưng Yên : 02 NV (Phụ cấp khu vực : 1.000.000đ/tháng)\n- Vĩnh Phúc : 02 NV\n4. Liên hệ:\nMs Thảo: 0966 283 486, hồ sơ gửi mail: tuyendung.hpdr@gmail.com","label":{"$numberInt":"10"}}
{"_id":"1199888","url":"https://mywork.com.vn/tuyen-dung/viec-lam/1199888/chuyen-vien-phap-ly.html","content":"-Nghiên cứu, chuẩn bị và soạn thảo các tài liệu, hợp đồng, ý kiến pháp lý;\n-Tư vấn pháp luật các lĩnh vực: Doanh nghiệp; Đầu tư; Hợp đồng…\n-Thực hiện việc tham gia tranh tụng tại tòa theo phân công của Công ty;\n-Thực hiện các công việc khác theo yêu cầu của Công ty.","label":{"$numberInt":"10"}}
{"_id":"1287359","url":"https://mywork.com.vn/tuyen-dung/viec-lam/1287359/thu-ky-tieng-anh.html","content":"Chuẩn bị nội dung, viết biên bản, phiên dịch, thuyết trình trong các cuộc họp\nChịu trách nhiệm liên lạc, trao đổi thông tin trong nội bộ và bên ngoài khi có yêu cầu\nTheo dõi tiến độ công trình, dòng tiền của các dự án và các hồ sơ thu chi của dự án.\nCác công việc khác, trao đổi thêm khi phỏng vấn trực tiếp.","label":{"$numberInt":"10"}}
{"_id":"1293643","url":"https://mywork.com.vn/tuyen-dung/viec-lam/1293643/thu-hoi-no-phap-ly-tai-dia-ban-quang-nam.html","content":"Khu vực tuyển dụng:\n+ Hội An: 2\n+ Duy Xuyên: 2\n+ Điện Bàn: 2\nMô tả công việc\n- Trực tiếp gặp khách hàng tại địa chỉ nhà, công ty hoặc các địa chỉ liên quan để nhắc nhở khách hàng về khoản nợ đã quá hạn hoặc đã chuyển sang nợ xấu. Thương lượng với khách hàng để đạt được cam kết thanh toán đồng thời theo dõi cam kết của khách hàng.\n- Theo dõi và điều tra các địa chỉ liên quan đến khách hàng để phục vụ việc thu hồi nợ.\n- Liên hệ với người thân của khách hàng hoặc những người có liên quan đến khách hàng để tìm hướng thanh toán khoản nợ đồng thời khai thác thông tin mới liên quan đến khách hàng.\n- Phát hiện, điều tra và báo cáo kịp thời các trường hợp có dấu hiệu gian lận cho cấp trên.\n- Báo cáo kết quả làm việc hàng ngày.\n- Các công việc khác khi được phân công.","label":{"$numberInt":"10"}}
{"_id":"1289902","url":"https://mywork.com.vn/tuyen-dung/viec-lam/1289902/chuyen-vien-phap-ly-du-an.html","content":"- Làm việc tại Phòng KHĐT (địa chỉ: số 63-65 Điện Biên Phủ, P.15, Q.Bình Thạnh).\n- Lập kế hoạch và triển khai các công việc cho một dự án theo chỉ dẫn của Trưởng bộ phận.\n- Lập dự án đầu tư, dự toán xây dựng.\n- Soạn thảo, thẩm tra các Hợp đồng, văn bản, công văn và hỗ trợ trong việc ban hành và sử dụng những văn bản pháp lý của Công ty đảm bảo tính hợp pháp, hạn chế tối đa các rủi ro pháp lý có thể xảy ra.\n- Nắm rõ quy định Luật và các thủ tuc, văn bản pháp lý liên quan trong các lĩnh vực: Đầu tư, kinh doanh BĐS, xây dựng, chính sách Thuế, hải quan, môi trường …\n- Các công việc khác theo chỉ đạo của cấp trên.\n(sẽ trao đổi cụ thể hơn qua buổi phỏng vấn)\nThời gian làm việc:\n- Làm giờ hành chính, từ 08 giờ - 17 giờ (nghỉ trưa 60 phút).\n- Ngày thứ Bảy làm và nghỉ luân phiên (1 thứ Bảy làm cả ngày và 1 thứ Bảy nghỉ cả ngày) và nghỉ cả ngày Chủ nhật.","label":{"$numberInt":"10"}}
{"_id":"1290655","url":"https://mywork.com.vn/tuyen-dung/viec-lam/1290655/nhan-vien-van-thu-luu-tru.html","content":"- Làm việc tại Văn phòng Công ty, địa chỉ số: 63-65 Điện Biên Phủ, P.15, Q.Bình Thạnh, TP.HCM.\n- Thực hiện công việc chính là sàng lọc, sắp xếp, phân loại, lưu trữ tài liệu, hồ sơ theo quy định (cho Công ty mẹ và hỗ trợ các công ty con).\n- Các công việc hành chính, văn phòng.\n- Các công việc khác theo sự phân công của Chánh văn phòng.\n(sẽ trao đổi cụ thể hơn qua buổi phỏng vấn).\nThời gian làm việc:\n- Làm giờ hành chính, từ 08 giờ - 17 giờ (nghỉ trưa 60 phút).\n- Ngày thứ Bảy làm và nghỉ luân phiên (1 thứ Bảy làm cả ngày và 1 thứ Bảy nghỉ cả ngày) và nghỉ cả ngày Chủ nhật.","label":{"$numberInt":"10"}}
{"_id":"1288062","url":"https://mywork.com.vn/tuyen-dung/viec-lam/1288062/nhan-vien-van-phong-phap-ly-bat-dong-san.html","content":"Quản lý, theo dõi tình hình phê duyệt hồ sơ tại cơ quan nhà nước chuyên ngành để đảm bảo hồ sơ được theo dõi, bổ túc kịp thời hạn và đúng chủ trương công ty.\n• Tổng hợp, báo cáo tình hình các hồ sơ đền bù, giao đất, xác định nghĩa vụ tài chính và cấp giấy chứng nhận quyền sử dụng đất của dự án được phân công.\n• Thực hiện các thủ tục pháp lý liên quan đến việc cấp hoặc giao chủ trương, quyết định đầu tư, thẩm định nhu cầu sử dụng đất và xin thuận chủ trương nhằm đảm bảo dự án được phê duyệt đúng kế hoạch và định hướng của công ty.\n• Thực hiện, theo dõi và quản lý việc xin cấp sổ đỏ dự án theo đúng thời gian cam kết.\n• Thực hiện việc chuyển mục đích sử dụng đất đúng thời hạn và quy định của nhà nước.\n• Trực tiếp liên hệ các bộ phận chức năng, các công ty thành viên và lập hồ sơ đền bù, giao đất, xác định nghĩa vụ tài chính và cấp giấy chứng nhận quyền sử dụng đất của dự án với chi phí tối ưu và phù hợp chủ trương công ty.\n• Trực tiếp thương lượng với các hộ dân và lập hồ sơ đền bù phần còn lại của dự án theo kế hoạch năm của công ty.\n• Tham gia, hỗ trợ giải quyết các tranh chấp liên quan đến đền bù giải phóng mặt bằng nhằm mang lại lợi ích cho công ty và các bên liên quan.\n• Thực hiện các hồ sơ nghiệp vụ liên quan đến thủ tục chấp thuận đầu tư và chuyển nhượng dự án.\n• Xây dựng, duy trì và phát triển mối quan hệ với các cơ quan hữu quan để nắm bắt kịp thời những thông tin, pháp luật chuyên ngành, đảm bảo công tác pháp lý luôn thực hiện đúng quy trình và quy phạm.","label":{"$numberInt":"10"}}
{"_id":"1292134","url":"https://mywork.com.vn/tuyen-dung/viec-lam/1292134/thu-ky-chu-tich.html","content":"Soạn thảo các văn bản ban hành chính sách liên quan đến việc kinh doanh theo yêu cầu của Chủ tịch.\nQuản lý lưu trữ các văn bản, xử lý các hồ sơ liên quan.\nNhận chỉ thị từ Chủ tịch và giao việc cho các bộ phận liên quan.\nCác công việc khác theo sự phân công của Chủ tịch.\nMột số công việc của chủ tịch giao.","label":{"$numberInt":"10"}}
{"_id":"1080412","url":"https://mywork.com.vn/tuyen-dung/viec-lam/1080412/claims-executive-chuyen-vien-giai-quyet-quyen-loi-bao-hiem.html","content":"* POSITION PURPOSE\nTo process administrative affairs of Claim section;\nTo archive claim file;\nComplete specific tasks in Claims section as assigned by Claims Manager.\n* ACCOUNTABILITY\nTo process administrative tasks of Claim section including Ingenium and CSP process;\nImplement other related duties requested by line Manager and other functional departments in the company;\nMaintain a good claim record experience for the company. Share actual experience with the underwriting team to improve UW process.","label":{"$numberInt":"10"}}
{"_id":"1277567","url":"https://mywork.com.vn/tuyen-dung/viec-lam/1277567/chuyen-vien-phap-che-dieu-tra-compliance-executive-investigation.html","content":"• Take initiatives to accomplish the missions of Compliance Team under supervision of Compliance Manager, specifically as follows:\no Plan, review and improve the compliance program which is the action plan to improve compliance and reduce misconducts.\no Implement, review the result of compliance program and facilitate all the departments to implement Plan-Do-Check-Action cycle for that purpose.\no Review the internal rules regarding (Agency) Compliance and have the sufficient internal rules, including Agency Compliance Manual and the guideline to handle sales materials, in place and ensure their timely update.\no Establish and maintain effective misconduct/misappropriation handling procedure, including classification/criteria of misconducts/punishment.\no Manage recommend the punishment for and implement the punishment for the misconduct cases in accordance with the relevant internal rules.\no Represent the company or give sufficient support to who represent the company and manage the relevant procedures for the legal disputes relevant to Agency channel including legal cases at the court (co-responsible with Legal team).\no Report periodically about misconduct/misappropriation cases to Management and relevant committees.\no Recommend and implement internal education framework for both employees and agents (e.g. periodical compliance seminar, compliance news etc.).\no Establish and maintain database of compliance issues, including misconduct cases in cooperation with Legal team.\n• Others as assigned from Compliance Manager from time to time.","label":{"$numberInt":"10"}}
{"_id":"1290554","url":"https://mywork.com.vn/tuyen-dung/viec-lam/1290554/tro-ly-chu-tich-hoi-dong-quan-tri.html","content":"- Phiên dịch trong các cuộc gặp với đối tác nước ngoài, hội họp và công tác\n- Biên dịch và Soạn thảo văn bản\n- Sắp xếp, tổ chức lịch họp lịch công tác cho chủ tịch. Tham dự các cuộc họp và viết biên bản họp\nCông việc sẽ trao đổi cụ thể khi phỏng vấn.","label":{"$numberInt":"10"}}
{"_id":"1290552","url":"https://mywork.com.vn/tuyen-dung/viec-lam/1290552/nhan-vien-phap-ly.html","content":"1.Lập báo cáo, theo dõi và tổ chức soạn thảo, kiểm tra, thẩm định các văn bản, hợp đồng do Công ty và các đơn vị trực thuộc ban hành, ký kết đảm bảo đúng pháp luật.\n2.Thông báo, hướng dẫn, tư vấn việc áp dụng các văn bản pháp luật mới ban hành hoặc những thay đổi, chính sách mới của Nhà nước có liên quan đến các phòng ban, đơn vị trực thuộc.\n3.Tham gia giải quyết các tranh chấp, khiếu nại, bồi thường trong hoạt động SXKD, trong quan hệ lao động với các bên có liên quan của Công ty và các đơn vị trực thuộc.\n4.Thiết lập và duy trì phát triển các mối quan hệ với cơ quan ban ngành nhằm phối hợp giải quyết các vụ việc phát sinh liên quan đến luật pháp hoặc thực hiện các thủ tục theo qui định.\n5. Thực hiện các nhiệm vụ khác do Hội đồng quản trị Công ty giao.\nCông việc trao đổi cụ thể khi phỏng vấn.","label":{"$numberInt":"10"}}
{"_id":"1272191","url":"https://mywork.com.vn/tuyen-dung/viec-lam/1272191/chuyen-vien-thu-hoi-no-tin-chap-khach-hang-doanh-nghiep.html","content":"Tổ chức thực hiện công tác quản lý và thu hồi nợ Tín chấp, Thẻ tín dụng Khách hàng doanh nghiệp trên địa bàn Tp.Hồ Chí Minh và khu vực lân cận, bao gồm:\n+ Tiếp nhận thông tin/hồ sơ vay của các Khách hàng đang có nợ xấu tại VPBank để xử lý.\n+ Thực hiện các biện pháp tác nghiệp để thu hồi nợ, theo dõi cho đến khi KH tất toán khoản vay cho VPBank.\n+ Nộp đơn tố giác/hồ sơ khởi kiện và đại diện cho VPBank tham gia tố giác/tố tụng tại các cơ quan Công an, Tòa án, …\n+ Quản lý hồ sơ xử lý nợ trong phạm vi công việc được giao. Báo cáo về công tác xử lý nợ định kỳ và đột xuất theo yêu cầu của lãnh đạo.\n+ Tham gia vào các buổi họp thường xuyên về lập kế hoạch công việc, vận hành và rà soát hiệu quả công việc trong nhóm.\n+ Các công việc và nghiệp vụ khác theo yêu cầu của lãnh đạo.","label":{"$numberInt":"10"}}
{"_id":"1063185","url":"https://mywork.com.vn/tuyen-dung/viec-lam/1063185/chuyen-vien-thu-hoi-no-phap-ly-tin-chap-doanh-nghiep.html","content":"Tổ chức thực hiện công tác quản lý và thu hồi nợ Tín chấp, Thẻ tín dụng Khách hàng doanh nghiệp trên địa bàn Tp.Hồ Chí Minh và khu vực lân cận, bao gồm:\n+ Tiếp nhận thông tin/hồ sơ vay của các Khách hàng đang có nợ xấu tại VPBank để xử lý.\n+ Thực hiện các biện pháp tác nghiệp để thu hồi nợ, theo dõi cho đến khi KH tất toán khoản vay cho VPBank.\n+ Nộp đơn tố giác/hồ sơ khởi kiện và đại diện cho VPBank tham gia tố giác/tố tụng tại các cơ quan Công an, Tòa án, …\n+ Quản lý hồ sơ xử lý nợ trong phạm vi công việc được giao. Báo cáo về công tác xử lý nợ định kỳ và đột xuất theo yêu cầu của lãnh đạo.\n+ Tham gia vào các buổi họp thường xuyên về lập kế hoạch công việc, vận hành và rà soát hiệu quả công việc trong nhóm.\n+ Các công việc và nghiệp vụ khác theo yêu cầu của lãnh đạo.","label":{"$numberInt":"10"}}
{"_id":"1270730","url":"https://mywork.com.vn/tuyen-dung/viec-lam/1270730/chuyen-vien-giam-sat-chat-luong-xu-ly-no.html","content":"+ Tham gia xây dựng quy định, quy trình giám sát chất lượng đối với hoạt động xử lý nợ (thế chấp và tín chấp).\n+ Thực hiện giám sát các tác nghiệp xử lý nợ, bao gồm nhưng không giới hạn các hoạt động sau:\n+ Kiểm tra hồ sơ xử lý nợ đảm bảo được thực hiện đúng và đầy đủ theo quy trình của công ty và quy định pháp luật. Tùy thuộc vào mục đích kiểm tra để lựa chọn các hồ sơ phù hợp.\n+ Nghe và đánh giá các cuộc gọi ghi âm, cùng cán bộ xử lý nợ làm việc với khách hàng và các cơ quan chức năng.\n+ Đề xuất các giải pháp cải thiện/ khắc phục/ phòng ngừa đối với các vấn đề thường gặp, và giám sát việc thực hiện các giải pháp đó.\n+ Công việc cụ thể sẽ trao đổi khi phỏng vấn.","label":{"$numberInt":"10"}}
{"_id":"1272163","url":"https://mywork.com.vn/tuyen-dung/viec-lam/1272163/chuyen-vien-truy-dau-thong-tin-khach-hang-tai-ho-chi-minh.html","content":"Tổ chức thực hiện công tác Truy dấu & Xử lý nợ Tín chấp KHCN trên địa bàn Hồ Chí Minh và khu vực Phía Nam, bao gồm nhưng không hạn chế:\n+ Tiếp nhận danh sách và hồ sơ vay của những khách hàng đang có nợ xấu tại VPBank để xử lý;\n+ Thực hiện truy dấu và thu hồi nợ trực tiếp tại địa bàn đối với các khách hàng mất dấu vết, không thể liên hệ được;\n+ Bằng những thông tin có sẵn trong hồ sơ và nghiệp vụ riêng của bản thân, truy tìm thông tin và phương thức liên hệ hiện tại của khách hàng nhằm phục vụ công tác thu hồi nợ;\n+ Phát hiện, điều tra và báo cáo kịp thời những trường hợp có dấu hiệu bỏ trốn, lừa đảo;\n+ Quản lý hồ sơ xử lý nợ trong phạm vi công việc được giao. Báo cáo định kỳ và đột xuất theo yêu cầu của lãnh đạo;\n+ Tham gia vào các buổi họp thường xuyên về lập kế hoạch công việc, vận hành và rà soát hiệu quả công việc trong nhóm;\n+ Các nhiệm vụ khác theo yêu cầu của quản lý trực tiếp và Ban Lãnh đạo Công ty.","label":{"$numberInt":"10"}}
{"_id":"985148","url":"https://mywork.com.vn/tuyen-dung/viec-lam/985148/chuyen-vien-tuyen-dung-ha-noi-ho-chi-minh.html","content":"1. TUYỂN DỤNG\n+ Xây dựng kế hoạch, phương án và xác định hình thức tuyển dụng phù hợp với từng vị trí.\n+ Kết nối với các đầu mối, đối tác tuyển dụng nhằm xây dựng, duy trì và đa dạng hóa nguồn ứng viên phù hợp nhu cầu tuyển dụng của công ty. Các hoạt động xây dựng thương hiệu nhằm thu hút nhân tài.\n+ Khảo sát, tìm hiểu và đánh giá về thị trường lao động nhằm tham mưu, đề xuất các chương trình tuyển dụng, cơ chế đãi ngộ phù hợp.\n+ Trực tiếp đăng tuyển, tìm kiếm ứng viên, lọc hồ sơ, tổ chức tuyển chọn, đánh giá và báo cáo kết quả theo đúng Quy trình tuyển dụng. Chỉ tiêu tuyển dụng tối thiểu 30 nhân sự/ tháng.\n+ Đàm phán lương, tiếp nhận và đào tạo định hướng cho nhân sự mới.\n2. ĐÀO TẠO\n+ Tiếp nhận nhu cầu đào tạo từ các phòng ban trong Công ty, đồng thời chủ động phát triển các chương trình đào tạo mới phù hợp với mục tiêu, định hướng và yêu cầu của Công ty.\n+ Lập kế hoạch đào tạo, phối hợp tổ chức và triển khai các hoạt động đào tạo của Công ty, bao gồm nhưng không giới hạn trong các công việc như: tìm kiếm và lựa chọn giảng viên/ đối tác, lên lịch đào tạo và danh sách học viên, chuẩn bị tài liệu đào tạo, chuẩn bị hậu cần, hoàn tất thủ tục thanh toán, …\n+ Trực tiếp thiết kế tài liệu đào tạo căn cứ nội dung tư vấn từ các đơn vị chuyên môn/ giảng viên nội bộ và đứng lớp đào tạo các khóa nghiệp vụ nội bộ.\n+ Các công việc khác theo sự phân công của cấp trên.","label":{"$numberInt":"10"}}
{"_id":"1272112","url":"https://mywork.com.vn/tuyen-dung/viec-lam/1272112/chuyen-vien-xu-ly-no-phap-ly-tai-ho-chi-minh-can-tho-ha-noi.html","content":"MÔ TẢ CÔNG VIỆC\nTổ chức thực hiện công tác quản lý và thu hồi nợ Pháp lý Tín chấp, Thẻ tín dụng tại địa bàn bao gồm:\n+ Thu thập thông tin cơ bản về các khách hàng không trả nợ đúng hạn, gọi điện thoại tiếp cận và lấy được cam kết trả nợ của họ. Theo dõi cho đến khi khách hàng hoàn tất quá trình trả nợ.\n+ Tiếp nhận thông tin/hồ sơ khách hàng tố giác, khởi kiện, thi hành án.\n+ Trực tiếp soạn thảo các văn bản, nộp hồ sơ tố giác, khởi kiện, thi hành án những trường hợp quan trọng và đẩy mạnh.\n+ Liên hệ chính quyền địa phương xác minh nơi cư trú bổ sung hồ sơ theo yêu cầu của cơ quan tố tụng, thi hành án.\n+ Liên hệ và làm việc với Tòa án/Công an thúc đẩy quá trình thụ lý hồ sơ tố giác, khởi kiện, thi hành án.\n+ Trực tiếp tham gia các buổi hòa giải, các buổi làm việc, các phiên xét xử, ... theo yêu cầu của Tòa án hoặc chủ động làm việc theo yêu cầu và tiến độ của công việc.\n+ Tiến hành tác nghiệp đôn đốc khách hàng thanh toán nợ song song với biện pháp Tố tụng, Thi hành án.","label":{"$numberInt":"10"}}
{"_id":"1272162","url":"https://mywork.com.vn/tuyen-dung/viec-lam/1272162/dieu-tra-vien-tai-hcm-ha-noi-dong-nai-can-tho.html","content":"Tổ chức thực hiện công tác Truy dấu & Xử lý nợ Tín chấp KHCN trên địa bàn, bao gồm nhưng không hạn chế:\n+ Tiếp nhận danh sách và hồ sơ vay của những khách hàng đang có nợ xấu tại VPBank để xử lý;\n+ Thực hiện truy dấu và thu hồi nợ trực tiếp tại địa bàn đối với các khách hàng mất dấu vết, không thể liên hệ được;\n+ Bằng những thông tin có sẵn trong hồ sơ và nghiệp vụ riêng của bản thân, truy tìm thông tin và phương thức liên hệ hiện tại của khách hàng nhằm phục vụ công tác thu hồi nợ;\n+ Phát hiện, điều tra và báo cáo kịp thời những trường hợp có dấu hiệu bỏ trốn, lừa đảo;\n+ Quản lý hồ sơ xử lý nợ trong phạm vi công việc được giao. Báo cáo định kỳ và đột xuất theo yêu cầu của lãnh đạo;\n+ Tham gia vào các buổi họp thường xuyên về lập kế hoạch công việc, vận hành và rà soát hiệu quả công việc trong nhóm;\n+ Các nhiệm vụ khác theo yêu cầu của quản lý trực tiếp và Ban Lãnh đạo Công ty.","label":{"$numberInt":"10"}}
{"_id":"1272110","url":"https://mywork.com.vn/tuyen-dung/viec-lam/1272110/chuyen-vien-hanh-chinh-tai-ho-chi-minh-ha-noi.html","content":"Tổ chức thực hiện các công tác Hành chính văn phòng tại TP.HCM & khu vực Phía Nam:\n+ Phụ trách các công việc liên quan đến phát triển chi nhánh: thuê/cải tạo/giám sát thi công, mở rộng/di chuyển văn phòng làm việc tại TP.HCM và các tỉnh/thành Miền Nam;\n+ Đề xuất mua sắm/sửa chữa, quản lý danh mục và tổ chức kiểm kê tài sản, trang thiết bị văn phòng, công cụ dụng cụ hàng tháng/quý tại Miền Nam;\n+ Quản lý & điều phối xe công vụ Miền Nam và các công tác liên quan như thanh toán, sửa chữa, bảo dưỡng, … Hỗ trợ Nhân viên lái xe các thủ tục liên quan;\n+ Phụ trách về các dịch vụ hành chính như: văn phòng phẩm, nước uống, chuyển phát nhanh, điện mạng, máy in, máy photo, dịch vụ IT, thẻ giữ xe CBNV…, kiểm soát các chi phí hàng tháng và phân bổ theo từng đơn vị; thực hiện thủ tục thanh toán chi phí liên quan;\n+ Thực hiện các công tác lễ tân, khánh tiết;\n+ Tiếp nhận và xử lý công văn đến, công văn đi;\n+ Quản lý con dấu và văn thư lưu trữ đúng quy định của Công ty và Pháp luật;\n+ Sắp xếp chỗ ngồi, bàn giao tài sản, trang thiết bị làm việc cho CBNV;\n+ Hỗ trợ đặt vé máy bay, đặt phòng khách sạn cho Ban lãnh đạo và CBNV đi công tác;\n+ Chịu trách nhiệm đối với các công tác đời sống CBNV, đối nội, đối ngoại cho Công ty; trang trí văn phòng các dịp Lễ, Tết, …; lên kế hoạch, đề xuất phương án và tổ chức các sự kiện định kỳ như du lịch thường niên, các dịp 8/3, 1/6, 20/10, Trung Thu, Noel ...; chương trình Hội nghị/Sự kiện nội bộ, Sơ kết, Tổng kết, ...;\n+ Phối hợp, phân chia các đầu mục công việc trên cùng các thành viên khác trong Bộ phận;\n+ Báo cáo định kỳ, các công việc và nghiệp vụ khác theo yêu cầu của Lãnh đạo và CBQL.","label":{"$numberInt":"10"}}
{"_id":"1183056","url":"https://mywork.com.vn/tuyen-dung/viec-lam/1183056/chuyen-vien-xu-ly-no-tin-chap-khach-hang-doanh-nghiep-ho-chi-minh-ha-noi-can-tho.html","content":"+ Tiếp nhận thông tin/hồ sơ vay của các Khách hàng đang có nợ xấu tại VPBank để xử lý.\n+ Thực hiện các biện pháp tác nghiệp để thu hồi nợ, theo dõi cho đến khi KH tất toán khoản vay cho VPBank.\n+ Nộp đơn tố giác/hồ sơ khởi kiện và đại diện cho VPBank tham gia tố giác/tố tụng tại các cơ quan Công an, Tòa án, …\n+ Quản lý hồ sơ xử lý nợ trong phạm vi công việc được giao. Báo cáo về công tác xử lý nợ định kỳ và đột xuất theo yêu cầu của lãnh đạo.\n+ Tham gia vào các buổi họp thường xuyên về lập kế hoạch công việc, vận hành và rà soát hiệu quả công việc trong nhóm.\n+ Các công việc và nghiệp vụ khác theo yêu cầu của lãnh đạo.","label":{"$numberInt":"10"}}
{"_id":"1275423","url":"https://mywork.com.vn/tuyen-dung/viec-lam/1275423/chuyen-vien-xu-ly-no-the-chap-ha-noi-ho-chi-minh-can-tho.html","content":"+ Tiếp nhận thông tin/hồ sơ vay của các Khách hàng đang có nợ xấu tại VPBank để xử lý;\n+ Xác minh thông tin liên quan đến khách hàng trả nợ, nguồn tài chính của khách nợ nhằm phục vụ cho quá trình trả nợ;\n+ Nghiên cứu, đánh giá hồ sơ, lập phương án và thực hiện công tác thu hồi nợ xấu của Ngân hàng VPBank, chủ yếu qua các biện pháp: cấu trúc nợ; thu giữ, xử lý tài sản đảm bảo; và đại diện VPBank tham gia tố giác/tố tụng/thi hành án theo ủy quyền tại các cơ quan Công an, Tòa án, Thi hành án, …\n+ Quản lý hồ sơ xử lý nợ trong phạm vi công việc được giao. Báo cáo về công tác xử lý nợ định kỳ và đột xuất theo yêu cầu của lãnh đạo.\n+ Tham gia vào các buổi họp thường xuyên về lập kế hoạch công việc, vận hành và rà soát hiệu quả công việc trong nhóm.\n+ Các công việc và nghiệp vụ khác theo yêu cầu của lãnh đạo.","label":{"$numberInt":"10"}}
{"_id":"1269921","url":"https://mywork.com.vn/tuyen-dung/viec-lam/1269921/nhan-vien-van-phong-nhac-no-qua-dien-thoai.html","content":"• Sử dụng hệ thống Call-Center tại văn phòng để liên lạc với khách hàng, thông báo về tình trạng hợp đồng vay\n• Tìm hiểu lý do, đưa ra các biện pháp giải quyết, hỗ trợ khách hàng thanh toán khoản vay đúng hạn\n• Hướng dẫn các kênh thanh toán hữu ích và tiện lợi\n• Cập nhật báo cáo\n- Hải Châu, Đà Nẵng: 10 NV\n- Nha Trang: 5 NV","label":{"$numberInt":"10"}}
{"_id":"1292418","url":"https://mywork.com.vn/tuyen-dung/viec-lam/1292418/nhan-vien-phap-che.html","content":"- Tham mưu, tư vấn, giúp việc cho Chánh văn phòng Hội đồng quản trị giải quyết các vấn đề liên quan đến pháp lý trong hoạt động của HĐQT, Tổng công ty.\n- Xây dựng kế hoạch, mục tiêu về công tác pháp chế của Văn phòng HĐQT, HĐQT theo định kỳ tháng/quý/năm và các vấn đề phát sinh\n- Kiểm soát tính pháp lý của các văn bản, quy chế, quy định, hợp đồng... trước khi trình HĐQT xem xét\n- Tham mưu, tư vấn cho Chánh VP Hội đồng quản trị về pháp lý đối với toàn bộ các lĩnh vực, nhiệm vụ của Văn phòng HĐQT\n- Tư vấn HĐQT ra các quyết định quản trị, điều hành đảm bảo tuân thủ các quy định của pháp luật và các quy định nội bộ Tổng công ty.\n- Phối hợp với các phòng ban, xây dựng, rà soát, chỉnh sửa các văn bản pháp lý, các Hợp đồng của Tổng Công ty đảm bảo an toàn và giảm thiểu rủi ro trước khi trình HĐQT;\n- Làm việc với các cơ quan nhà nước khi có yêu cầu thực hiện các thủ tục pháp lý trong hoạt động kinh doanh. Tham mưu, hỗ trợ, tư vấn xây dựng, rà soát, chỉnh sửa Điều lệ, các nội quy, quy chế, quy định, văn bản quản lý nội bộ của Tổng công ty và các công ty\nthành viên.\n- Tham gia đàm phán, hỗ trợ các Phòng/Ban trong quá trình thương thảo hợp đồng, soạn thảo hợp đồng khi được yêu cầu\n- Tham gia giải quyết các tranh chấp phát sinh trong quá trình hoạt động của Tổng công ty khi được yêu cầu\n- Thực hiện công việc Thư ký các cuộc họp của HĐQT và Tổng công ty khi có yêu cầu.\n- Là đầu mối liên hệ với các đơn vị tư vấn luật để giải quyêt các công việc pháp lý liên quan đến thẩm quyền của HĐQT Tổng công ty.\n- Báo cáo, thông qua các quy định mới ban hành, đề xuất các biện pháp, kiến nghị để đảm bảo hoạt động của HĐQT tuân thủ các quy định của pháp luật và các quy định nội bộ Tổng công ty.\n- Báo cáo kết qủa thực hiện công tác pháp chế theo định kỳ tháng/quý/năm hoặc đột xuất khi có yêu cầu.","label":{"$numberInt":"10"}}
{"_id":"1293090","url":"https://mywork.com.vn/tuyen-dung/viec-lam/1293090/chuyen-vien-iso.html","content":"- Đào tạo các CBCNV trong công ty về nhận thức ISO 9001, các yêu cầu tiêu chuẩn 9001, đánh giá chất lượng nội theo tiêu chuẩn ISO 9001.\n- Tham mưu cho lãnh đạo về cơ cấu tổ chức, phân công trách nhiệm, quyền hạn cho các phòng ban, bộ phận, các chức danh, chính sách chất lượng, mục tiêu chất lượng.\n- Kết hợp, hỗ trợ các phòng ban, bộ phận soạn thảo các quy trình, quy định, quy chế, hướng dẫn công việc, mô tả công việc\n- Cập nhật tài liệu từ các phòng ban, bộ phận xem xét, chỉnh sửa cho phù hợp theo tiêu chuẩn ISO 9001\n- Hướng dẫn các phòng ban, bộ phận áp dụng Hệ thống quản lý chất lượng bao gồm: áp dụng các quy trình, quy định, quy chế, hướng dẫn công việc, biểu mẫu,…\n- Kiểm tra, giám sát các phòng ban, bộ phận việc thực hiện các quy trình, quy định, quy chế, hướng dẫn công việc, biểu mẫu\n- Lập kế hoạch, đánh giá chất lượng nội bộ, báo cáo đánh giá nội bộ\n-Tổ chức cuộc họp xem xét lãnh đạo theo định kỳ\n- Lập các hành động khắc phục, phòng ngừa sau đánh giá nội bộ(nếu có)\n- Theo dõi việc khắc phục, phòng ngừa.\n- Xem xét nhu cầu cải tiến của hệ thống\n- Báo cáo cho ĐDLĐ về kết quả hoạt động của hệ thống quản lý chất lượng và về mọi nhu cầu cải tiến.\n- Chuẩn bị hồ sơ đánh giá cấp chứng nhận, duy trì.\n- Chịu trách nhiệm soạn thảo các quy định, quy chế, thông báo, quyết định, công văn theo yêu cầu từ Ban lãnh đạo.\n- Tổ chức lưu trữ dữ liệu , cập nhật  vào phần mềm.\n- Giám sát phòng hành chánh nhân sự\n- Các công việc khác theo yêu cầu giám đốc.","label":{"$numberInt":"10"}}
{"_id":"1291752","url":"https://mywork.com.vn/tuyen-dung/viec-lam/1291752/chuyen-vien-phat-trien-du-an.html","content":"Quản lý dự án đầu tư xây dựng:\n- Quản lý Hợp đồng xây dựng;\n- Quản lý chi phí theo Hợp đồng;\n- Quản lý thanh, quyết toán Hợp đồng;\n- Quản lý hồ sơ quản lý chất lượng;\n- Tham gia quá trình lựa chọn nhà thầu xây dựng;\n- Tham mưu, đề xuất cho lãnh đạo chuyên môn trong quá trình thực hiện công việc.","label":{"$numberInt":"10"}}
{"_id":"1276529","url":"https://mywork.com.vn/tuyen-dung/viec-lam/1276529/tro-ly-tong-giam-doc.html","content":"- Trợ giúp TGĐ trong việc triển khai, thực hiện các công việc liên quan đến hoạt động kinh doanh, sản xuất, phát triển của công ty.\n- Tham mưu, giúp việc trực tiếp cho TGĐ để giám sát, đôn đốc việc lập và triển khai kế hoạch của các Ban, CN, Nhà máy, đơn vị thành viên đã được sự thông qua của TGĐ.\n- Tham gia phân tích và thẩm định tính khả thi của các đề án, kế hoạch hoạt động sản xuất kinh doanh, nhận diện được các rủi ro và đề xuất với TGĐ các biện pháp quản lý rủi ro về phương diện tài chính, tính khả thi.\n– Chuẩn bị hồ sơ, tài liệu, soạn thảo văn bản, lập các báo cáo và chuẩn bị các công việc, tham dự họp theo yêu cầu của TGĐ. Ghi chép và soạn thảo các biên bản cuộc họp.\n– Giúp việc cho TGĐ trong các quan hệ đối nội, đối ngoại\n– Lên kế hoạch các cuộc họp, công tác của TGĐ, hội thảo, hội nghị, sắp xếp thời gian làm việc cho TGĐ.\n– Thực hiện các công việc khác theo chỉ đạo trực tiếp của TGĐ.","label":{"$numberInt":"10"}}
{"_id":"1268477","url":"https://mywork.com.vn/tuyen-dung/viec-lam/1268477/truong-phong-nhan-su-biet-tieng-trung-luong-20-tr.html","content":"- Quản lý, điều hành nhân viên thuộc phòng ban\n- Kiểm soát chi phí lương, tăng ca, nhân sự các phòng ban\n- Cập nhật đánh giá điểm thi đua thành tích của cá nhân tập thể các phòng ban\n- Theo dõi tỷ lệ biến động nhân sự trong toàn Nhà máy, phân tích nguyên nhân và đưa ra các phương án, giải pháp tổng thể nhằm ổn định nhân sự toàn công ty\n- Đảm bảo các chế độ, chính sách của cán bộ-công nhân viên đúng theo quy định công ty và pháp luật\n- Phụ trách tuyển dụng nhân sự theo định biên Ban TGĐ phê duyệt\n- Tổ chức kiểm tra, đánh giá và thực hiện khám sức khỏe định kỳ cho cán bộ công nhân viên công ty theo quy định\n- Phối hợp các cơ quan chức năng khi có lịch kiểm tra, thanh tra\n- Tổ chức các hoạt động vui chơi, giải trí, tất niên trong toàn công ty\n- Phối hợp các phòng ban liên quan tiến hành tổ chức đánh giá thành tích làm việc của cán bộ nhân viên các phòng ban\n- Hoạch định, tổ chức các chương trình đào tạo","label":{"$numberInt":"10"}}
{"_id":"1280573","url":"https://mywork.com.vn/tuyen-dung/viec-lam/1280573/nhan-vien-hanh-chinh-van-phong-support.html","content":"- Hỗ trợ nhóm nhân viên ngoài địa bàn\n- Theo dõi, \"nhắc nhở\", giám sát công việc hàng ngày thay cho trưởng phòng\n- Báo cáo hoạt động hàng ngày của nhóm.\n- Lập các hồ sơ văn bản pháp lý có liên quan.\n- Lưu trữ công văn đi đến, các hồ sơ giấy tờ hành chính, pháp lý, các loại biểu mẫu,..theo quy định, cung cấp khi được yêu cầu hợp lý từ bộ phận, phòng ban\n- Thực hiện các công việc khác có liên quan theo yêu cầu của ban giám đốc","label":{"$numberInt":"10"}}
{"_id":"1293184","url":"https://mywork.com.vn/tuyen-dung/viec-lam/1293184/thu-hoi-no-phap-ly-tai-quang-ngai.html","content":"Mô tả công việc\n- Trực tiếp gặp khách hàng tại địa chỉ nhà, công ty hoặc các địa chỉ liên quan để nhắc nhở khách hàng về khoản nợ đã quá hạn hoặc đã chuyển sang nợ xấu. Thương lượng với khách hàng để đạt được cam kết thanh toán đồng thời theo dõi cam kết của khách hàng.\n- Theo dõi và điều tra các địa chỉ liên quan đến khách hàng để phục vụ việc thu hồi nợ.\n- Liên hệ với người thân của khách hàng hoặc những người có liên quan đến khách hàng để tìm hướng thanh toán khoản nợ đồng thời khai thác thông tin mới liên quan đến khách hàng.\n- Phát hiện, điều tra và báo cáo kịp thời các trường hợp có dấu hiệu gian lận cho cấp trên.\n- Báo cáo kết quả làm việc hàng ngày.\n- Các công việc khác khi được phân công.","label":{"$numberInt":"10"}}
{"_id":"1215718","url":"https://mywork.com.vn/tuyen-dung/viec-lam/1215718/truong-phong-hanh-chinh-nhan-su.html","content":"1. Lập kế hoạch tuyển dụng, đào tạo, phát triển nguồn nhân lực định kỳ năm, quý, tháng.\n2. Xây dựng chương trình phát triển nghề nghiệp cho CNV công ty.\n3. Xây dựng chính sách thăng tiến và thay thế nhân sự.\n4. Lập ngân sách nhân sự.\n5. Hoạch định nguồn nhân lực nhằm phục vụ tốt cho sản xuất kinh doanh và chiến lược của công ty.\n6. Xây dựng quy chế lương thưởng, các biện pháp khuyến khích – kích thích người lao động làm việc, thực hiện các chế độ cho người lao động.\n7. Tổ chức và thực hiện công tác hành chính theo chức năng nhiệm vụ và theo yêu cầu của Ban Tổng Giám đốc.\n8. Xây dựng các quy định, lập kế hoạch liên quan đến việc sử dụng tài sản, trang thiết bị của công ty.\n9. Xây dựng kế hoạch và tổ chức, giám sát việc thực hiện về an tinh trật tư, an toàn lao động, vệ sinh lao động và phòng chống cháy nổ.\n10. Nghiên cứu, soạn thảo và trình duyệt các qui định áp dụng trong Công ty, xây dựng cơ cấu tổ chức của công ty – các bộ phận và tổ chức thực hiện. Đề xuất cơ cấu tổ chức, bộ máy điều hành của Công ty. Xây dựng hệ thống các qui chế, qui trình, qui định cho Công ty và giám sát việc chấp hành các nội qui đó.\n11. Tham mưu cho Ban giám đốc những chiến lược bộ máy tổ chức hoạt động của công ty.\n12. Tham mưu đề xuất cho Ban giám đốc để xử lý các vấn đề thuộc lãnh vực Tổ chức-Hành chánh-Nhân sự.\nƯu tiên ứng viên tốt nghiệp chuyên ngành Luật\nLiên hệ bộ phận TD: 0962825099","label":{"$numberInt":"10"}}
{"_id":"1287184","url":"https://mywork.com.vn/tuyen-dung/viec-lam/1287184/chuyen-vien-dieu-tra-gian-lan-fraud-investigation-officer.html","content":"- Nghiên cứu các Hồ sơ sơ khách hàng bị quá hạn ngay từ kỳ trả nợ đầu tiên, quá hạn liên tiếp 2/3 kỳ trả nợ, phân tích, điều tra và tìm hiểu nguyên nhân.\n- Thực hiện thu thập, cập nhật và quản lý danh sách đen (Black list) các thông tin về khách hàng, công ty có gian lận, các đối tượng lừa đảo.\n- Tham gia xây dựng quy định, quy trình liên quan đến công tác điều tra và phòng chống gian lận cho toàn Khối.\n- Tham gia xây dựng, phối hợp với bộ phận chính sách để đưa ra những góp ý điều chỉnh chính sách phù hợp theo từng thời kỳ nhằm giảm thiểu rủi ro cho Khối.\n- Tham gia xây dựng các công cụ cảnh báo, phòng ngừa gian lận cho toàn Khối.\n- Phối hợp làm việc với các bộ phận có liên quan khi phát hiện vi phạm/gian lận.\n- Hỗ trợ soạn thảo giáo trình phục vụ cho công tác đào tạo các kiến thức về phòng chống gian lận cho nhân viên bán hàng theo định kỳ hoặc theo yêu cầu.\n- Giám sát và đánh giá thực hiện quy chế, quy trình nội bộ liên quan đến quản lý rủi ro hoạt động thông qua kiểm tra định kỳ/đột xuất hoặc điều tra độc lập (nếu có).\n- Thực hiện thống kê báo cáo số liệu liên quan đến công tác phòng chống gian lận theo yêu cầu của lãnh đạo cấp trên.\n- Thực hiện các công việc khác theo phân công của quản lý.","label":{"$numberInt":"10"}}
{"_id":"1289488","url":"https://mywork.com.vn/tuyen-dung/viec-lam/1289488/tuyen-can-bo-thu-hoi-no-phap-ly-tai-dia-ban.html","content":"Mô tả công việc\n- Trực tiếp gặp khách hàng tại địa chỉ nhà, công ty hoặc các địa chỉ liên quan để nhắc nhở khách hàng về khoản nợ đã quá hạn hoặc đã chuyển sang nợ xấu. Thương lượng với khách hàng để đạt được cam kết thanh toán đồng thời theo dõi cam kết của khách hàng.\n- Theo dõi và điều tra các địa chỉ liên quan đến khách hàng để phục vụ việc thu hồi nợ.\n- Liên hệ với người thân của khách hàng hoặc những người có liên quan đến khách hàng để tìm hướng thanh toán khoản nợ đồng thời khai thác thông tin mới liên quan đến khách hàng.\n- Phát hiện, điều tra và báo cáo kịp thời các trường hợp có dấu hiệu gian lận cho cấp trên.\n- Báo cáo kết quả làm việc hàng ngày.\n- Các công việc khác khi được phân công.","label":{"$numberInt":"10"}}
{"_id":"1283960","url":"https://mywork.com.vn/tuyen-dung/viec-lam/1283960/tuyen-nhan-vien-thu-hoi-no-phap-ly-khanh-hoa.html","content":"KHU VỰC TUYỂN DỤNG:\n- Nha Trang: 2\n- Cam Ranh: 2\n- Quảng Ngãi: 2\n- Ninh Thuận: 2\n- Quy Nhơn: 2\n- Tam Kì: 2\nMô tả công việc:\n- Trực tiếp gặp khách hàng tại địa chỉ nhà, công ty hoặc các địa chỉ liên quan để nhắc nhở khách hàng về khoản nợ đã quá hạn hoặc đã chuyển sang nợ xấu. Thương lượng với khách hàng để đạt được cam kết thanh toán đồng thời theo dõi cam kết của khách hàng.\n- Theo dõi và điều tra các địa chỉ liên quan đến khách hàng để phục vụ việc thu hồi nợ.\n- Liên hệ với người thân của khách hàng hoặc những người có liên quan đến khách hàng để tìm hướng thanh toán khoản nợ đồng thời khai thác thông tin mới liên quan đến khách hàng.\n- Phát hiện, điều tra và báo cáo kịp thời các trường hợp có dấu hiệu gian lận cho cấp trên.\n- Báo cáo kết quả làm việc hàng ngày.\n- Các công việc khác khi được phân công.","label":{"$numberInt":"10"}}
{"_id":"1266657","url":"https://mywork.com.vn/tuyen-dung/viec-lam/1266657/chuyen-vien-iso.html","content":"Kiểm soát tài liệu, hồ sơ\n- Sửa chữa, ban hành hệ thống tài liệu ISO\n- Theo dõi cập nhật các tài liệu thay đổi\n- Theo dõi thực hiện hành động khắc phục phòng ngừa (CAR)\n- Theo dõi, lưu trữ hồ sơ truy vết, thu hồi và triệu hồi sản phẩm\nCải tiến\n- Theo dõi và đề xuất cải tiến tất cả các quy trình , thiết lập các quy trình mới phù hợp nhằm kiểm soát hệ thống tốt nhất\nHỗ trợ\n- Hỗ trợ các phòng ban thực hiện việc cải tiến hệ thống tài liệu sao cho phù hợp nhất với công việc hiện tại.\n- Hỗ trợ tất cả các phòng ban giải quyết các phiếu CAR theo thời gian quy định\nBáo cáo\n- Báo cáo tổng kết thực hiện phiếu CAR hàng tháng\n- Báo kết quả đánh giá nội bộ định kỳ","label":{"$numberInt":"10"}}
{"_id":"1270461","url":"https://mywork.com.vn/tuyen-dung/viec-lam/1270461/nhan-vien-viet-ho-so-moi-truong.html","content":"– Viết hồ sơ môi trường ĐTM, Đề án chi tiết\n– Viết hồ sơ môi trường bcgs, đề án đơn giản, kế hoạch BVMT.\n– Thực hiện các yều cầu của cấp trên\n*Ưu tiên 1: Những bạn sinh năm nam, nữ sinh năm 1992,1993; nữ 1990.\n*Ưu tiên 2: nam, nữ 1984; nữ 1995; nữ 1990, 1991\n*Ưu tiên 3: sinh Âm Lịch: tháng 3, 6, 7.8.9,10, 11,12","label":{"$numberInt":"10"}}
{"_id":"1286374","url":"https://mywork.com.vn/tuyen-dung/viec-lam/1286374/nhan-vien-chung-tu-khai-bao-hai-quan.html","content":"- Sử dụng thành thạo phần mềm ECUSVNACCS\n- Lên bộ chứng từ contract, invoice, packing list theo từng lô hàng\n- Báo cáo tiến độ hàng hóa\n- Xử lý những vấn đề phát sinh (Nếu có) liên quan đến chứng từ\n- Trao đổi thông tin với đối tác, hãng tàu, khách hàng qua mail, điện thoại,...\n- Kinh nhiệm 1 năm trở lên\n- Ưu tiên: biết tiếng Anh, tiếng Trung.\n- Chi tiết công việc sẽ trao đổi cụ thể khi phỏng vấn","label":{"$numberInt":"10"}}
{"_id":"1291925","url":"https://mywork.com.vn/tuyen-dung/viec-lam/1291925/nhan-vien-tu-van-luat.html","content":"- Soạn thảo hồ sơ thủ tục và các vấn đề của luật doanh nghiệp, thành lập công ty, đăng ký kinh doanh, thay đổi nội dung đăng ký kinh doanh, bổ sung ngành nghề, thành lập văn phòng đại diện, chi nhánh...\n- Trực tiếp thực hiện các thủ tục liên quan đến thành lập công ty, đăng ký kinh doanh, thay đổi nội dung đăng ký kinh doanh, bổ sung ngành nghề, thành lập văn phòng đại diện, chi nhánh...\n- Trợ lý cho giám đốc về vấn đề xử lý hồ sơ của khách hàng, làm việc với các cơ quan thẩm quyền liên quan .","label":{"$numberInt":"10"}}
{"_id":"1291824","url":"https://mywork.com.vn/tuyen-dung/viec-lam/1291824/nhan-vien-phap-ly.html","content":"Tham gia ý kiến pháp lý đối với các hợp đồng thương mại, xây lắp, hợp đồng BOT, BT, hợp đồng tư vấn, thuê tư vấn, hợp đồng liên danh, hợp đồng ủy quyền, các hợp đồng thương mại trong và ngoài nước khác.\n- Hướng dẫn thực hiện các quyền, nghĩa vụ, trách nhiệm pháp lý của các bên tham gia hợp đồng, thỏa thuận đã ký.\n- Tham gia xử lý các vướng mắc pháp lý trong việc thực hiện hợp đồng của Công ty.\n- Soạn thảo các loại văn bản và thu thập các chứng cứ phục vụ cho hồ sơ kiện tụng đầy đủ để nộp cho cơ quan Tòa án, tham gia các hoạt động tố tụng để bảo vệ quyền và lợi ích hợp pháp của Công ty theo ủy quyền của Tổng Giám Đốc.\n- Giám sát các vụ kiện.\n- Tham gia dự thảo xây dựng, sửa đổi, bổ sung Điều lệ của công ty, các đơn vị thành viên, các đơn vị được thành lập mới và các doanh nghiệp có vốn của công ty, đảm bảo tuân thủ pháp luật.\n- Thực hiện cập nhật, rà soát, phổ biến các văn bản pháp lý mới ban hành có ảnh hưởng trực tiếp đến hoạt động sản xuất kinh doanh của công ty.","label":{"$numberInt":"10"}}
{"_id":"1126372","url":"https://mywork.com.vn/tuyen-dung/viec-lam/1126372/giam-doc-hanh-chanh-nhan-su.html","content":"-Tham mưu hoạch định chiến lược phát triển nguồn nhân lực cho toàn công ty:\n -Thu hút nhân tài, phù hợp văn hóa doanh nghiệp; Sử dụng và giữ chân những cán bộ chủ chốt; Xây dựng đội ngũ kế thừa; Tinh giảm những nhân sự không phù hợp.\n-Xây dựng kế hoạch và triển khai phát triển nguồn nhân lực đạt mục tiêu Kinh doanh hàng năm.\n-Chỉ đạo các đơn vị, phòng ban thực hiện kế hoạch chung của Công ty trong lĩnh vực phát triển nguồn nhân lực.\n-Nghiên cứu, soạn thảo cơ cấu tổ chức, quy chế, quy trình và giám sát thực hiện những quy trình đó.\n-Tổ chức và kiểm tra việc phân công, bố trí, sử dụng, và đánh giá nhân sự của các Khối, phòng ban.\n-Tổ chức hướng dẫn cách theo dõi và đánh giá năng suất lao động, năng lực nhân viên định kỳ.\n-Tổ chức và chỉ đạo thực hiện công tác xây dựng các chính sách nhân sự thống nhất và hướng dẫn thực hiện đồng bộ cho các khối và phòng ban trong công ty.\n-Kiểm tra, kiểm soát việc tuyển dụng, huấn luyện, sử dụng hợp lý nhân lực của các đơn vị. Hổ trợ xây dựng các quy định, quy trình quản lý nhân sự và cải tiến môi trường làm việc chuyên nghiệp\n-Xây dựng Văn hóa doanh nghiệp theo chiến lược đã được BGĐ hoach định.\n-Tổ chức hệ thống lưu trữ, bảo quản, cập nhật các hồ sơ nhân viên trên hệ thống mạng nội bộ\n-Thiết lập hệ thống điều hành công việc qua phần mềm.\n-Xây dựng thang bảng lương và các phương án khen thưởng, phúc lợi cho người lao động.\n-Phổ biến và hướng dẫn thi hành các chính sách, chế độ liên quan đến lao động của nhà nước và các quy định liên quan cho mọi người và mọi bộ phận trong công ty. Đồng thời thường xuyên bồi dưỡng và nâng cao nghiệp vụ, kỹ năng làm việc cho nhân viên.\n-Xây dựng kế hoạch đào tạo và chương trình đào tạo cho các cấp quản lý.\n-Thực hiện chế độ báo cáo thường xuyên, định kỳ đúng quy định Công ty.\n-Thực hiện quản lý việc chi tiêu cho công việc theo đúng quy định kế toán tài chính của Công ty.\n-Tham mưu, đề xuất cho Ban Giám Đốc về cơ cấu tổ chức và điều hành hoạt động của Công ty.\n-Thẩm tra pháp lý của doanh nghiệp\n-Rà soát, soạn thảo hợp đồng, thỏa thuận và giải quyết tranh chấp hợp đồng lao động, tranh chấp hợp đồng thuê\n-Rà soát, soạn thảo tất cả Hợp đồng, giao dịch của Cty\n-Thực hiện những nhiệm vụ khác theo sự phân công của TGĐ.","label":{"$numberInt":"10"}}
{"_id":"1279439","url":"https://mywork.com.vn/tuyen-dung/viec-lam/1279439/chuyen-vien-phap-ly-bat-dong-san-thu-nhap-canh-tranh.html","content":"- Chịu trách nhiệm trực tiếp trước Ban Tổng Giám đốc các vấn đề pháp lý liên quan đến hoạt động tư vấn do Bộ phận Pháp chế phụ trách.\n- Chủ động xử lý và tham mưu cho lãnh đạo Công ty, chuẩn bị hồ sơ pháp lý, tham gia giải quyết/tranh tụng các tình huống pháp lý phát sinh trong giao dịch kinh tế, dân sự, lao động, thuế, bảo hiểm và toàn bộ các vấn đề pháp lý liên quan khác.\n- Phối hợp với các phòng ban/ bộ phận tham mưu, tham gia xây dựng và rà soát, đề xuất điều chỉnh, bổ sung các quy trình, quy chế của Công ty.\n- Cập nhật, phổ biến, hướng dẫn, lưu trữ các văn bản, quy định pháp luật trong các lĩnh vực có liên quan đến hoạt động kinh doanh của Công ty.\n- Thực hiện chỉ đạo của Ban TGĐ về vấn đề liên quan đến pháp lý các dự án Bất Động Sản.\n- Tư vấn chuẩn bị hồ sơ pháp lý, tham gia giải quyết/ tranh tụng xử lý các phát sinh về các vấn đề pháp lý đầu tư BĐS, dự án xây dựng.\n- Phối hợp cùng Bộ phận pháp lý dự án để chuẩn bị các thủ tục, hồ sơ làm việc với các cơ quan, ban ngành liên quan.\n- Thực hiện các nhiệm vụ khác theo sự phân công của cấp trên.","label":{"$numberInt":"10"}}
{"_id":"1289857","url":"https://mywork.com.vn/tuyen-dung/viec-lam/1289857/truong-phong-phap-ly-lcb-tu-15-20-trieu-thang.html","content":"Quản lý nhân viên thực hiện theo chức năng, nhiệm vụ của Phòng pháp lý dịch vụ khách hàng.\nThực hiện các nhiệm vụ do Giám đốc Công ty phân công (sẽ trao đổi cụ thể qua buổi phỏng vấn.","label":{"$numberInt":"10"}}
{"_id":"1282123","url":"https://mywork.com.vn/tuyen-dung/viec-lam/1282123/truong-phong-phap-ly.html","content":"• Căn cứ theo lĩnh vực kinh doanh của TĐ, Tham mưu xây dựng hệ thống pháp chế của công ty và kiểm soát tuân thủ.\n• Phân tích các rủi ro pháp lý và đề xuất giải pháp cho Ban Lãnh đạo đối với việc phát triển ý tưởng kinh doanh. \n• Phổ biến và hướng dẫn áp dụng qui định của pháp luật tới các Phòng/Ban/Chi nhánh trong công ty.\n• Đầu mối làm việc với các đơn vị cung cấp tư vấn dịch vụ pháp lý nếu cần.\n• Tư vấn/giám sát soạn thảo tài liệu, văn bản liên quan đến quản trị doanh nghiệp, hoạt động kinh doanh – đầu tư cho công ty hoặc các chi nhánh.\n• Đảm bảo rằng tất cả các hoạt động của công ty đều thực hiện theo đúng pháp luật liên quan.\n• Xem xét và chuẩn bị các hồ sơ về pháp lý của công ty, Phân tích tình huống, đánh giá tổng quan và đề xuất giải pháp để giải quyết tranh chấp, khiếu nại, khiếu kiện nhằm đảm bảo lợi ích của công ty.\n• Cung cấp dịch vụ hỗ trợ các Phòng, Ban, chi nhánh trong quá trình rà soát các Hợp đồng, văn bản, giấy tờ liên quan…\n• Hỗ trợ tư vấn về thủ tục pháp lý cho các hoạt động của Tập đoàn (giải thế, sát nhập, giấy phép hoạt động…)\n• Chủ động xử lý và tham mưu cho lãnh đạo Tổng Công ty giải quyết tốt các tình huống pháp lý phát sinh\n• Xây dựng hệ thống thư viện Luật và các quy định liên quan đến các hoạt động kinh doanh của công ty\n• Và các công việc khác theo sự chỉ đạo của Ban lãnh đạo\nCông tác quản lý\n• Phối hợp với Phòng HCNS rà soát nhân sự, xây dựng cơ cấu của Phòng, hệ thống MTCV, đánh giá hoàn thành công việc\n• Lập kế hoạch công việc và tổ chức thực hiện\n• Đào tạo, huấn luyện các cấp nhân viên trong phòng\n• Xây dựng hệ thống báo cáo về công tác pháp lý\n• Báo cáo công việc theo quy định và theo chỉ đạo của Ban Lãnh đạo","label":{"$numberInt":"10"}}
{"_id":"1278868","url":"https://mywork.com.vn/tuyen-dung/viec-lam/1278868/ke-toan-noi-bo.html","content":"_ Nhập xuất tôn hàng hóa\n- quản lý thu,chị.\n_ kế toán kho\n- Các công việc liên quan đến kế toán nội bộ Trao đổi cụ thể khi phỏng vấn.","label":{"$numberInt":"10"}}
